3C通路商,2347
3C通路商,2430
3C通路商,2450
3C通路商,2937
3C通路商,6118
3C通路商,6154
3C通路商,6281
3D印表機,2356
3D印表機,3504
3D印表機,5438
3D印表機,5443
3D印表機,5450
3D印表機,8416
3D印表機,9105
4G通訊設備,2332
4G通訊設備,3027
4G通訊設備,3596
4G通訊設備,3704
4G通訊設備,5388
4G通訊設備,6152
4G通訊設備,6285
ABS,1309
ABS,1312
ABS,1326
AN,4430
AN,4763
ASIC,3035
ASIC,3443
ASIC,3661
ASIC,5487
ASIC,6129
CMOS晶片,3034
CMOS晶片,3227
CMOS晶片,5351
CMOS晶片,8016
CMOS晶片,3530
CPL,1314
CPU,2388
CPU,2454
CPU,6533
Displayport,2379
Displayport,3034
Displayport,4966
Displayport,6512
DOP,1321
DOP,1301
DOP,1304
DOP,1308
DOP,1303
DOP,1313
DRAM記憶體IC,3006
DRAM記憶體IC,3553
DRAM記憶體IC,5351
DRAM記憶體IC,6531
DRAM模組,2349
DRAM模組,2451
DRAM模組,3054
DRAM模組,3260
DRAM模組,4973
DRAM模組,5289
DRAM模組,5386
DRAM模組,6145
DRAM模組,8088
DRAM模組,8131
DRAM模組,8271
DRAM模組,8277
DREAM,2344
DREAM,2408
DSL晶片組,2454
DSP,2401
DSP,5302
DSP,5471
EG,1418
EG,1303
EG,1710
EG,1718
EG,1326
EG,1402
EVA,1301
EVA,1304
EVA,1308
EVA,1337
EVA,4720
FIASH記憶體IC,3006
FIASH記憶體IC,3259
FIASH記憶體IC,3529
FIASH記憶體IC,6485
FIASH記憶體IC,8054
FIASH記憶體IC,8299
FIASH記憶體IC,5262
Flash模組,2451
Flash模組,3054
Flash模組,3260
Flash模組,4973
Flash模組,5289
Flash模組,5386
Flash模組,6145
Flash模組,8088
Flash模組,8271
Flash模組,8277
HDMI,3272
HDMI,6512
IA資訊家電,2312
IA資訊家電,2317
IA資訊家電,2324
IA資訊家電,2331
IA資訊家電,2353
IA資訊家電,2356
IA資訊家電,2357
IA資訊家電,2376
IA資訊家電,2377
IA資訊家電,2382
IA資訊家電,2405
IA資訊家電,2417
IA資訊家電,2425
IA資訊家電,2444
IA資訊家電,2451
IA資訊家電,2485
IA資訊家電,3005
IA資訊家電,3024
IA資訊家電,3062
IA資訊家電,3231
IA資訊家電,3287
IA資訊家電,3466
IA資訊家電,3541
IA資訊家電,3596
IA資訊家電,3701
IA資訊家電,4938
IA資訊家電,5474
IA資訊家電,6152
IA資訊家電,6206
IA資訊家電,6277
IA資訊家電,6512
IA資訊家電,8059
IA資訊家電,8101
IA資訊家電,8201
IA資訊家電,910482
IA資訊家電,9105
IC生產,2330
IC生產,2337
IC生產,2344
IC生產,2408
IC生產,3707
IC生產,4919
IC生產,5347
IC生產,6287
IC封裝,2311
IC封裝,2325
IC封裝,2329
IC封裝,2369
IC封裝,2441
IC封裝,2449
IC封裝,3265
IC封裝,3372
IC封裝,3374
IC封裝,3450
IC封裝,6147
IC封裝,6239
IC封裝,6257
IC封裝,6271
IC封裝,6451
IC封裝,8110
IC封裝,8131
IC封裝,8150
IC封裝測試,1410
IC封裝測試,1434
IC封裝測試,1437
IC封裝測試,2311
IC封裝測試,2325
IC封裝測試,2329
IC封裝測試,2369
IC封裝測試,2441
IC封裝測試,2449
IC封裝測試,3264
IC封裝測試,3265
IC封裝測試,3372
IC封裝測試,3374
IC封裝測試,3450
IC封裝測試,3559
IC封裝測試,3567
IC封裝測試,5344
IC封裝測試,6147
IC封裝測試,6238
IC封裝測試,6239
IC封裝測試,6257
IC封裝測試,6261
IC封裝測試,6271
IC封裝測試,6451
IC封裝測試,6525
IC封裝測試,8110
IC封裝測試,8131
IC封裝測試,8150
IC基板,3037
IC基板,3189
IC基板,5349
IC基板,6552
IC基板,8046
IC設計,1605
IC設計,2363
IC設計,2379
IC設計,2388
IC設計,2401
IC設計,2428
IC設計,2436
IC設計,2454
IC設計,2458
IC設計,3006
IC設計,3014
IC設計,3034
IC設計,3035
IC設計,3041
IC設計,3042
IC設計,3059
IC設計,3073
IC設計,3094
IC設計,3122
IC設計,3141
IC設計,3169
IC設計,3227
IC設計,3228
IC設計,3257
IC設計,3259
IC設計,3268
IC設計,3288
IC設計,3317
IC設計,3438
IC設計,3443
IC設計,3527
IC設計,3529
IC設計,3545
IC設計,3553
IC設計,3556
IC設計,3588
IC設計,3661
IC設計,4919
IC設計,4947
IC設計,4952
IC設計,4966
IC設計,5269
IC設計,5272
IC設計,5274
IC設計,5302
IC設計,5305
IC設計,5314
IC設計,5351
IC設計,5468
IC設計,5471
IC設計,5487
IC設計,6103
IC設計,6104
IC設計,6129
IC設計,6138
IC設計,6198
IC設計,6202
IC設計,6229
IC設計,6231
IC設計,6233
IC設計,6237
IC設計,6243
IC設計,6411
IC設計,6415
IC設計,6435
IC設計,6457
IC設計,6462
IC設計,6485
IC設計,6494
IC設計,6531
IC設計,6533
IC設計,6568
IC設計,6594
IC設計,8016
IC設計,8024
IC設計,8040
IC設計,8054
IC設計,8081
IC設計,8096
IC設計,8261
IC設計,8299
IC設計軟體,3073
IC設計軟體,3268
IC設計軟體,6229
IC設計軟體,2388
IC測試,1434
IC測試,2311
IC測試,2325
IC測試,2329
IC測試,2369
IC測試,2441
IC測試,2449
IC測試,3264
IC測試,3265
IC測試,3372
IC測試,3450
IC測試,3559
IC測試,3567
IC測試,5344
IC測試,6147
IC測試,6239
IC測試,6257
IC測試,6261
IC測試,6271
IC測試,6451
IC測試,8110
IC測試,8131
IC測試,8150
IC量測設備,3055
IC量測設備,5443
IC零組件通路商,2347
IC零組件通路商,2359
IC零組件通路商,2436
IC零組件通路商,2459
IC零組件通路商,3026
IC零組件通路商,3028
IC零組件通路商,3033
IC零組件通路商,3036
IC零組件通路商,3048
IC零組件通路商,3188
IC零組件通路商,3209
IC零組件通路商,3224
IC零組件通路商,3232
IC零組件通路商,3312
IC零組件通路商,3313
IC零組件通路商,3315
IC零組件通路商,3360
IC零組件通路商,3528
IC零組件通路商,3702
IC零組件通路商,5345
IC零組件通路商,5386
IC零組件通路商,6113
IC零組件通路商,6189
IC零組件通路商,6227
IC零組件通路商,6238
IC零組件通路商,6265
IC零組件通路商,6270
IC零組件通路商,8032
IC零組件通路商,8043
IC零組件通路商,8068
IC零組件通路商,8080
IC零組件通路商,8084
IC零組件通路商,8096
IC零組件通路商,8112
IC零組件通路商,3429
IC製造,1560
IC製造,2303
IC製造,2330
IC製造,2337
IC製造,2338
IC製造,2342
IC製造,2344
IC製造,2408
IC製造,2455
IC製造,3016
IC製造,3081
IC製造,3105
IC製造,3532
IC製造,3579
IC製造,3583
IC製造,3707
IC製造,4402
IC製造,4919
IC製造,4971
IC製造,4991
IC製造,5305
IC製造,5347
IC製造,5483
IC製造,6182
IC製造,6287
IC製造,6488
IC製造,8086
IC製造,8121
IC讀卡機,2365
IC讀卡機,2482
IC讀卡機,3432
IC讀卡機,5258
Internet相關,2308
Internet相關,2373
Internet相關,2453
Internet相關,2480
Internet相關,2614
Internet相關,2734
Internet相關,2928
Internet相關,3029
Internet相關,3045
Internet相關,3057
Internet相關,3085
Internet相關,3130
Internet相關,3171
Internet相關,3664
Internet相關,4953
Internet相關,4965
Internet相關,5203
Internet相關,5209
Internet相關,5210
Internet相關,5278
Internet相關,5287
Internet相關,6136
Internet相關,6183
Internet相關,6214
Internet相關,6221
Internet相關,8044
Internet相關,8099
Internet相關,8409
Internet相關,8454
Internet相關,8472
Internet相關,8477
Internet相關,8489
Internet相關,9960
IO控制IC,3014
IO控制IC,3169
IO控制IC,4919
IO控制IC,4951
LCD控制IC,2379
LCD控制IC,2436
LCD控制IC,2454
LCD控制IC,3034
LCD控制IC,3268
LCD控制IC,4952
LCD控制IC,4966
LCD驅動IC,3141
LCD驅動IC,3545
LCD驅動IC,4966
LCD驅動IC,6129
LCD驅動IC,8016
LCD驅動IC封裝,6147
LCD驅動IC封裝,8150
LCD顯示器,2324
LCD顯示器,2352
LCD顯示器,2442
LCD顯示器,2443
LCD顯示器,2489
LCD顯示器,3038
LCD顯示器,4153
LCD顯示器,4995
LCD顯示器,6222
LCD顯示器,6577
LCD顯示器,9912
LCD顯示器,5283
LCD顯示器,5295
LCM,2413
LCM,3038
LCM,3052
LCM,3285
LCM,4995
LCM,5315
LCM,5432
LCM,6167
LCM,6189
LCM,6246
LCM,8049
LCM,8085
LCM,8105
LCM,3168
LCM,3633
LED,1560
LED,1611
LED,2301
LED,2308
LED,2340
LED,2349
LED,2351
LED,2371
LED,2393
LED,2426
LED,2438
LED,2448
LED,2457
LED,2478
LED,2486
LED,2491
LED,2499
LED,3003
LED,3031
LED,3032
LED,3042
LED,3052
LED,3058
LED,3066
LED,3089
LED,3207
LED,3339
LED,3346
LED,3383
LED,3406
LED,3437
LED,3512
LED,3516
LED,3591
LED,3653
LED,3698
LED,4944
LED,4956
LED,4972
LED,5230
LED,5281
LED,5291
LED,5355
LED,5383
LED,5450
LED,6124
LED,6164
LED,6168
LED,6182
LED,6224
LED,6226
LED,6261
LED,6271
LED,6278
LED,6282
LED,6289
LED,6412
LED,6426
LED,6548
LED,8034
LED,8097
LED,8111
LED,8131
LED,8287
LED,911868
LED,3603
LED,3633
LED,5244
LED,5248
LED,5256
LED,5277
LED,6272
LED,6288
LED,6489
LED,6559
LED,8115
LED,8179
LED封裝,2301
LED封裝,2340
LED封裝,2351
LED封裝,2393
LED封裝,2486
LED封裝,2499
LED封裝,3031
LED封裝,3052
LED封裝,3066
LED封裝,3346
LED封裝,3437
LED封裝,3591
LED封裝,3653
LED封裝,3698
LED封裝,5383
LED封裝,6164
LED封裝,6168
LED封裝,6226
LED封裝,6548
LED封裝,8111
LED封裝,8131
LED封裝,5244
LED封裝,5277
LED封裝,6288
LED封裝,6559
LED基板,2478
LED基板,2486
LED基板,3653
LED基板,5291
LED基板,5355
LED基板,6224
LED基板,6271
LED基板,8179
LED設備,2467
LED設備,3583
LED設備,6187
LED設備,6223
LED設備,6261
LED設備,6425
LED晶粒,2340
LED晶粒,2426
LED晶粒,2448
LED晶粒,3339
LED晶粒,3346
LED晶粒,3383
LED晶粒,3698
LED晶粒,4956
LED晶粒,6261
LED晶粒,6289
LED晶粒,6426
LED磊晶,2340
LED磊晶,2448
LED磊晶,3066
LED磊晶,3339
LED磊晶,3383
LED磊晶,3698
LED磊晶,4956
LED應用,1611
LED應用,2301
LED應用,2308
LED應用,2340
LED應用,2349
LED應用,2371
LED應用,2438
LED應用,2457
LED應用,2491
LED應用,2499
LED應用,3003
LED應用,3031
LED應用,3032
LED應用,3058
LED應用,3066
LED應用,3089
LED應用,3207
LED應用,3406
LED應用,3512
LED應用,3516
LED應用,3591
LED應用,3698
LED應用,4972
LED應用,5230
LED應用,5281
LED應用,5450
LED應用,6124
LED應用,6164
LED應用,6226
LED應用,6278
LED應用,6282
LED應用,6412
LED應用,6548
LED應用,8034
LED應用,8097
LED應用,8111
LED應用,8287
LED應用,911868
LED應用,3633
LED應用,5248
LED應用,6272
LED應用,6288
LED應用,8115
LED驅動IC,3288
LED驅動IC,3527
LED驅動IC,3588
LED驅動IC,4947
LED驅動IC,5468
LED驅動IC,6103
LED驅動IC,6415
LED驅動IC,8081
LED驅動IC,6545
MCU,2436
MCU,2458
MCU,3073
MCU,3122
MCU,3228
MCU,3268
MCU,4919
MCU,4952
MCU,5302
MCU,5314
MCU,5471
MCU,5487
MCU,6202
MCU,6229
MCU,6243
MCU,6457
MCU,6494
MCU,8024
MEMS,1605
MEMS,3259
MEMS,6233
MEMS,6462
MEMS,8016
MLCC,2492
MLCC,3026
MLCC,3090
MLCC,3313
MLCC,6173
MLCC,8163
MLCC,2327
MP3,2356
MP3,2382
MP3,2451
OLED,2409
OLED,3481
OLED,5245
OLED,8104
PA,1303
PA,1313
PCB材料,3115
PCB材料,3305
PCB材料,3631
PCB材料,3645
PCB材料,8074
PCB其他設備,1528
PCB其他設備,1595
PCB其他設備,2467
PCB其他設備,2493
PCB其他設備,3093
PCB其他設備,3455
PCB其他設備,3563
PCB其他設備,4542
PCB其他設備,6438
PCB其他設備,3485
PC周邊IC,2379
PC周邊IC,2436
PC周邊IC,2458
PC周邊IC,3014
PC周邊IC,3034
PC周邊IC,4919
PC周邊IC,6202
PC周邊IC,6243
PC遊戲,3083
PC遊戲,3086
PC遊戲,3293
PC遊戲,3546
PC遊戲,3687
PC遊戲,4946
PC遊戲,4994
PC遊戲,5263
PC遊戲,5478
PC遊戲,6111
PC遊戲,6169
PC遊戲,6180
PC遊戲,6404
PC遊戲,6482
PC遊戲,6542
PC遊戲,5286
PC遊戲,6428
PC遊戲,6468
PC遊戲,6473
PC遊戲,8491
PDA,2356
PDA,2444
PDA,8201
PE,1301
PE,1305
PE,1313
POS機系統,3434
POS機系統,3521
POS機系統,4503
POS機系統,5258
POS機系統,5490
POS機系統,6105
POS機系統,6143
POS機系統,6206
POS機系統,6222
POS機系統,6414
POS機系統,8076
POS機系統,8114
POS機系統,3097
POS機系統,6536
POS機系統,8119
PP,1301
PP,1326
PP,1704
PS,1309
PS,1326
PU樹酯,1316
PU樹酯,1721
PU樹酯,1735
PU樹酯,1776
PU樹酯,4714
PU樹酯,6506
PV Inverter,2301
PV Inverter,2308
PV Inverter,2371
PV Inverter,2457
PV Inverter,3043
PV Inverter,3628
PV Inverter,5309
PV Inverter,6244
PV Inverter,6409
PV Inverter,8163
PVC,6505
PVC,6508
PVC,8421
PVC,9935
PVC布,1305
PVC布,1321
PVC布,4305
RFID相關,3652
RFID相關,5450
RFID相關,6417
SM,1310
SM,1312
SM,1326
SRAM記憶體IC,5351
SRAM記憶體IC,5468
SRAM記憶體IC,6531
STB IC,3034
STB IC,3041
TFT-LCD,2409
TFT-LCD,3481
TFT-LCD,8049
TFT-LCD,8069
TFT-LCD,8105
TFT-LCD,5283
Thunderbolt,3272
Thunderbolt,3533
TN/STN LCD,3038
TN/STN LCD,5315
TN/STN LCD,5432
TN/STN LCD,6167
TN/STN LCD,8049
TN/STN LCD,8105
TN/STN LCD,3168
UPS,2308
UPS,3043
UPS,3617
UPS,3628
UPS,5309
UPS,6409
USB,3169
USB,3272
USB,5269
USB,5289
USB,5468
USB,6277
USB,8299
VOIP IC,2379
VOIP IC,5471
丁二醇,1303
二極體,1533
二極體,2302
二極體,2340
二極體,2342
二極體,2426
二極體,2434
二極體,2481
二極體,3257
二極體,3536
二極體,3675
二極體,5305
二極體,5425
二極體,8255
二極體,3627
二極體,6545
人力資源,3130
人力資源,5287
人力資源,6169
人造關節,4129
人臉辨識,5211
入口網站,8044
大宗物資,1210
大宗物資,1216
大宗物資,1217
大宗物資,1218
大宗物資,1219
大宗物資,1220
大宗物資,1225
大宗物資,1227
大宗物資,1229
大宗物資,1232
大宗物資,1702
大宗物資,1709
大宗物資,1737
大宗物資,4207
小型衛星地面站,2314
小家電,6247
小家電,6275
小家電,6281
小家電,911868
小家電,1504
小家電,1604
小家電,1614
小家電,1626
小家電,2371
小家電,3024
小家電,3325
小家電,4109
小家電,4609
小家電,4930
工具機,1528
工具機,1530
工具機,1539
工具機,1540
工具機,1560
工具機,1583
工具機,2236
工具機,3167
工具機,4510
工具機,4513
工具機,4526
工具機,4533
工具機,6609
工具機,8092
工具鋼,5009
工程機械,8418
工程機械,1515
工程顧問,1535
工程顧問,2404
工程顧問,3018
工程顧問,3052
工程顧問,3402
工程顧問,3703
工程顧問,5434
工程顧問,5536
工程顧問,6122
工程顧問,6139
工程顧問,8011
工程顧問,8383
工程顧問,9933
工業用紙,9939
工業用紙,1902
工業用紙,1905
工業用紙,1907
工業用紙,1903
工業氣體,1312
工業氣體,1710
工業氣體,1714
工業電腦,2395
工業電腦,2397
工業電腦,2399
工業電腦,3022
工業電腦,3088
工業電腦,3213
工業電腦,3416
工業電腦,3479
工業電腦,3521
工業電腦,3564
工業電腦,3577
工業電腦,3594
工業電腦,3611
工業電腦,3652
工業電腦,3701
工業電腦,4153
工業電腦,4916
工業電腦,4995
工業電腦,5353
工業電腦,6105
工業電腦,6160
工業電腦,6166
工業電腦,6206
工業電腦,6222
工業電腦,6245
工業電腦,6414
工業電腦,6569
工業電腦,6577
工業電腦,6579
工業電腦,8050
工業電腦,8076
工業電腦,8234
工業電腦,3097
工業電腦,6416
工業電腦,6536
工業電腦,6570
工業電腦,6638
工業電腦,8119
工業縫紉機,1531
工藝品,9949
不織布,1325
不織布,4430
不織布,6504
不織布,8929
不織布,9919
不織布,9944
不鏽鋼,1102
不鏽鋼,1605
不鏽鋼,2007
不鏽鋼,2020
不鏽鋼,2025
不鏽鋼,2027
不鏽鋼,2030
不鏽鋼,2032
不鏽鋼,2034
不鏽鋼,2063
不鏽鋼,2069
不鏽鋼,2221
不鏽鋼,5009
不鏽鋼,5013
不鏽鋼,5014
不鏽鋼,5015
不鏽鋼,5538
不鏽鋼,9962
不鏽鋼品,2027
不鏽鋼品,2030
不鏽鋼品,2032
不鏽鋼品,2034
不鏽鋼品,2221
不鏽鋼品,5014
不鏽鋼品,5015
不鏽鋼品,5538
不鏽鋼剪裁加工,2020
不鏽鋼剪裁加工,2030
不鏽鋼剪裁加工,2032
不鏽鋼剪裁加工,2034
不鏽鋼剪裁加工,2069
不鏽鋼剪裁加工,5014
不鏽鋼管,2027
不鏽鋼管,2030
不鏽鋼管,5013
不鏽鋼管,5014
不鏽鋼緊固件,2063
不鏽鋼緊固件,5015
不鏽鋼線材,2007
不鏽鋼線材,2063
不鏽鋼線材,5013
不鏽鋼線材,5015
不鏽鋼線材,5538
中小尺吋面板,2409
中小尺吋面板,2475
中小尺吋面板,3038
中小尺吋面板,3481
中小尺吋面板,3622
中小尺吋面板,5315
中小尺吋面板,5432
中小尺吋面板,6116
中小尺吋面板,6167
中小尺吋面板,8049
中小尺吋面板,8069
中小尺吋面板,8105
中小尺吋面板,3168
中藥製劑,4127
中藥製劑,4128
中藥製劑,4139
中藥製劑,6242
中藥製劑,4732
分離式元件,1437
分離式元件,1533
分離式元件,2302
分離式元件,2340
分離式元件,2342
分離式元件,2426
分離式元件,2434
分離式元件,2481
分離式元件,3257
分離式元件,3317
分離式元件,3536
分離式元件,3675
分離式元件,5305
分離式元件,5425
分離式元件,6435
分離式元件,8255
分離式元件,8261
化合物晶圓,3105
化合物晶圓,4991
化合物晶圓,8086
化妝品,1734
化妝品,1737
化妝品,1783
化妝品,1784
化妝品,1786
化妝品,3224
化妝品,3705
化妝品,4127
化妝品,4137
化妝品,4161
化妝品,4190
化妝品,4728
化妝品,6236
化妝品,6523
化妝品,8436
化妝品,1760
化妝品,4135
化妝品,4136
化妝品,4197
化妝品,6539
化妝品,7421
化妝品,8490
化妝品,6574
化學工業,1101
化學工業,1301
化學工業,1303
化學工業,1305
化學工業,1312
化學工業,1313
化學工業,1316
化學工業,1321
化學工業,1324
化學工業,1326
化學工業,1701
化學工業,1704
化學工業,1708
化學工業,1709
化學工業,1710
化學工業,1711
化學工業,1712
化學工業,1713
化學工業,1714
化學工業,1715
化學工業,1717
化學工業,1718
化學工業,1721
化學工業,1722
化學工業,1723
化學工業,1724
化學工業,1725
化學工業,1726
化學工業,1727
化學工業,1730
化學工業,1731
化學工業,1732
化學工業,1735
化學工業,1742
化學工業,1773
化學工業,1776
化學工業,1787
化學工業,1907
化學工業,3164
化學工業,3171
化學工業,3303
化學工業,3708
化學工業,4141
化學工業,4148
化學工業,4304
化學工業,4305
化學工業,4306
化學工業,4702
化學工業,4706
化學工業,4707
化學工業,4711
化學工業,4714
化學工業,4716
化學工業,4720
化學工業,4721
化學工業,4722
化學工業,4725
化學工業,4739
化學工業,4754
化學工業,4755
化學工業,5450
化學工業,6506
化學產品通路,1708
化學產品通路,1714
化學產品通路,1725
化學產品通路,1773
化學產品通路,4721
化纖原料,1301
化纖原料,1303
化纖原料,1312
化纖原料,1314
化纖原料,1326
化纖原料,1402
化纖原料,1409
化纖原料,1413
化纖原料,1418
化纖原料,1440
化纖原料,1444
化纖原料,1445
化纖原料,1447
化纖原料,1452
化纖原料,1454
化纖原料,1455
化纖原料,1457
化纖原料,1459
化纖原料,1460
化纖原料,1466
化纖原料,1472
化纖原料,1710
化纖原料,1718
化纖原料,4401
化纖原料,4402
化纖原料,4406
化纖原料,4420
天然氣,8908
天然氣,8917
天然氣,9908
天然氣,9918
天然氣,9926
天然氣,9931
天線,3322
天線,3419
天線,5491
天線,6284
天線,6514
天線,3138
太陽能,1516
太陽能,1787
太陽能,2301
太陽能,2308
太陽能,2349
太陽能,2356
太陽能,2371
太陽能,2406
太陽能,2409
太陽能,2426
太陽能,2434
太陽能,2457
太陽能,3043
太陽能,3268
太陽能,3452
太陽能,3490
太陽能,3514
太陽能,3519
太陽能,3561
太陽能,3562
太陽能,3576
太陽能,3579
太陽能,3628
太陽能,3663
太陽能,3686
太陽能,3691
太陽能,4934
太陽能,5309
太陽能,5450
太陽能,5483
太陽能,6125
太陽能,6127
太陽能,6182
太陽能,6244
太陽能,6409
太陽能,6443
太陽能,6477
太陽能,8039
太陽能,8163
太陽能,9157
太陽能,3566
太陽能,4765
太陽能,4949
太陽能,6490
太陽能,6511
太陽能多晶矽,2371
太陽能多晶矽,6490
太陽能系統運用,1516
太陽能系統運用,2349
太陽能系統運用,2406
太陽能系統運用,3043
太陽能系統運用,3268
太陽能系統運用,3561
太陽能系統運用,5450
太陽能系統運用,6244
太陽能系統運用,9157
太陽能系統運用,4949
太陽能系統運用,6511
太陽能矽晶圓,2406
太陽能矽晶圓,2434
太陽能矽晶圓,3519
太陽能矽晶圓,3579
太陽能矽晶圓,3686
太陽能矽晶圓,5483
太陽能矽晶圓,6182
太陽能矽晶圓,9157
太陽能矽晶圓,6490
太陽能設備,2464
太陽能設備,2467
太陽能設備,5443
太陽能發電,3691
太陽能發電,6477
太陽能電池,1516
太陽能電池,2356
太陽能電池,2434
太陽能電池,3268
太陽能電池,3452
太陽能電池,3514
太陽能電池,3561
太陽能電池,3562
太陽能電池,3576
太陽能電池,4934
太陽能電池,5483
太陽能電池,6125
太陽能電池,6244
太陽能電池,6443
太陽能電池,9157
太陽能電池,3566
太陽能電池模組,1787
太陽能電池模組,2349
太陽能電池模組,2356
太陽能電池模組,2409
太陽能電池模組,2426
太陽能電池模組,3043
太陽能電池模組,3452
太陽能電池模組,3514
太陽能電池模組,3519
太陽能電池模組,3561
太陽能電池模組,3562
太陽能電池模組,3576
太陽能電池模組,4934
太陽能電池模組,6244
太陽能電池模組,6477
太陽能電池模組,9157
太陽能電池模組,4949
太陽能電池模組,6511
太陽能導電漿,2406
太陽能導電漿,3663
太陽能導電漿,3691
太陽能導電漿,8163
太陽能導電漿,4765
太陽能導電漿,6490
引擎相關,1503
引擎相關,1506
引擎相關,1568
引擎相關,2230
引擎相關,2236
手工具機,1527
手工具機,1533
手工具機,1538
手工具機,1539
手工具機,1541
手工具機,1570
手工具機,9951
手術與治療用醫材,1788
手術與治療用醫材,4104
手術與治療用醫材,4106
手術與治療用醫材,4107
手術與治療用醫材,4138
手術與治療用醫材,6499
手術與治療用醫材,8033
手術與治療用醫材,3184
手術與治療用醫材,6445
手術與治療用醫材,6493
手術與治療用醫材,6539
手術與治療用醫材,6633
手提箱,9950
手寫板,2365
手寫板,2387
手寫板,3287
手寫板,4915
手寫板,5211
手機,2312
手機,2317
手機,2324
手機,2352
手機,2353
手機,2356
手機,2357
手機,2382
手機,2498
手機,3231
手機,4938
手機,8101
手機,912000
手機外殼,2301
手機外殼,2354
手機外殼,2474
手機外殼,3095
手機外殼,4729
手機外殼,6235
手機按鍵,2387
手機按鍵,2402
手機按鍵,3311
手機按鍵,3642
手機按鍵,5457
手機按鍵,6283
手機相機模組,2301
手機相機模組,2351
手機相機模組,2374
手機相機模組,2385
手機相機模組,2392
手機相機模組,3059
手機相機模組,4915
手機相機模組,5309
手機相機模組,3659
手機面板驅動IC,2458
手機面板驅動IC,3034
手機面板驅動IC,3545
手機面板驅動IC,8016
手機晶片相關,2454
手機遊戲,3083
手機遊戲,3086
手機遊戲,3293
手機遊戲,3546
手機遊戲,3687
手機遊戲,4946
手機遊戲,4994
手機遊戲,5478
手機遊戲,6111
手機遊戲,6169
手機遊戲,6180
手機遊戲,6482
手機遊戲,6542
手機遊戲,5286
手機遊戲,6468
手機遊戲,6473
手機遊戲,6611
手機遊戲,6626
手機遊戲,8491
手機零組件,2301
手機零組件,2351
手機零組件,2354
手機零組件,2374
手機零組件,2385
手機零組件,2387
手機零組件,2392
手機零組件,2402
手機零組件,2454
手機零組件,2458
手機零組件,2459
手機零組件,2474
手機零組件,3013
手機零組件,3034
手機零組件,3059
手機零組件,3095
手機零組件,3311
手機零組件,3545
手機零組件,3642
手機零組件,4729
手機零組件,4915
手機零組件,5309
手機零組件,5457
手機零組件,6235
手機零組件,6283
手機零組件,8016
手機零組件,3659
手機製造,2312
手機製造,2317
手機製造,2324
手機製造,2352
手機製造,2356
手機製造,2382
手機製造,2498
手機製造,4938
手機製造,8101
手機製造,912000
文化用紙,1902
文化用紙,1904
文化用紙,1905
文化用紙,1907
文化創意產業,2926
文化創意產業,3064
文化創意產業,3083
文化創意產業,3086
文化創意產業,3293
文化創意產業,3546
文化創意產業,3687
文化創意產業,4946
文化創意產業,5278
文化創意產業,5324
文化創意產業,5478
文化創意產業,6111
文化創意產業,6169
文化創意產業,6180
文化創意產業,8446
文化創意產業,8450
文化創意產業,6596
文化創意產業,6627
文化創意產業,8479
文化創意產業,8492
文具,1315
文具,2351
文具,6509
文具,8354
方便麵,1203
方便麵,1216
方便麵,910322
木工機械,1515
木工機械,1528
木工機械,1539
木工機械,1541
木床車架,1525
木床車架,5288
毛紡,1423
毛紡,1439
毛紡,1449
水上運輸,2617
水利,8936
水泥,1101
水泥,1102
水泥,1103
水泥,1104
水泥,1108
水泥,1109
水泥,1110
水泥,1712
水泥,1714
水泥,2443
水泥,2504
水泥,2543
水泥,5515
水泥,5520
水泥,8463
水泥,8936
水泥,9930
水泥,9945
水泥製品,1101
水泥製品,1104
水泥製品,8936
水產品加工,4712
水產養殖,8465
水資源,4556
水資源,6107
水資源,8383
水資源,8473
水資源,8936
水資源,6495
水資源,7443
水資源設備/耗材,4556
水資源設備/耗材,6107
水資源設備/耗材,6495
水資源設備/耗材,7443
水電消防工程,4550
水龍頭,1810
水龍頭,1817
水龍頭,2062
水龍頭,8924
水龍頭,9934
牙科植入器材,4163
主機板,2317
主機板,2331
主機板,2357
主機板,2376
主機板,2377
主機板,2397
主機板,2399
主機板,2405
主機板,2425
主機板,3022
主機板,3088
主機板,3515
主機板,4938
主機板,5386
主機板,6161
主題樂園,2705
主題樂園,5701
主題樂園,2721
出版業,6240
出版業,8923
出版業,910708
功率放大器,2314
功率放大器,4968
功率放大器,6107
加油站,1434
加油站,2607
加油站,2611
加油站,2616
加油站,5603
加油站,8927
加油站,9937
包裝用紙,9939
包裝機械,3379
包裝機械,8421
半合成纖維,4763
半導體材料通路商,2493
半導體材料通路商,3010
半導體材料通路商,3388
半導體材料通路商,3444
半導體材料通路商,5434
半導體材料通路商,8070
半導體材料通路商,8091
半導體設備,2360
半導體設備,2467
半導體設備,3055
半導體設備,3093
半導體設備,3131
半導體設備,3413
半導體設備,3551
半導體設備,3581
半導體設備,3583
半導體設備,3680
半導體設備,5493
半導體設備,6187
半導體設備,6196
半導體設備,6218
半導體設備,6532
半導體設備,8064
半導體設備,8091
半導體設備,4949
半導體設備,5297
半導體設備,6481
半導體設備,6640
可可製品,1236
尼龍,9907
尼龍,9939
尼龍,1301
尼龍,1314
尼龍,1434
尼龍加工絲,1326
尼龍加工絲,1455
尼龍加工絲,1466
尼龍加工絲,1472
尼龍粒,1312
尼龍粒,1314
尼龍粒,1326
尼龍粒,1444
尼龍粒,1447
尼龍粒,1455
尼龍絲,1326
尼龍絲,1447
尼龍絲,1455
尼龍絲,1466
尼龍絲,4401
尼龍絲,4402
尼龍絲,4430
尼龍塔夫塔,1434
平板電腦,2317
平板電腦,2324
平板電腦,2331
平板電腦,2353
平板電腦,2356
平板電腦,2357
平板電腦,2376
平板電腦,2377
平板電腦,2382
平板電腦,2405
平板電腦,2425
平板電腦,3005
平板電腦,3231
平板電腦,3701
平板電腦,4938
平板電腦,6206
平板電腦,8101
正烷屬烴,1714
正極材料,4721
正極材料,4739
正極材料,5227
正極材料,6196
正極材料,8038
生技服務,1784
生技服務,3118
生技服務,4160
生技服務,6554
生技服務,4117
生技服務,4170
生技服務,4186
生技服務,4195
生技服務,6521
生技服務,6540
生技服務,6562
生技服務,6589
生技服務,6615
生技服務,6645
生技特用化學品,4102
生技特用化學品,4746
生命科學工具,5443
生命科學工具,6228
生物科技,1560
生物科技,1701
生物科技,1707
生物科技,1720
生物科技,1734
生物科技,1737
生物科技,1784
生物科技,1786
生物科技,2317
生物科技,2356
生物科技,2393
生物科技,2913
生物科技,3118
生物科技,3164
生物科技,3205
生物科技,3224
生物科技,3383
生物科技,3555
生物科技,3705
生物科技,4102
生物科技,4108
生物科技,4109
生物科技,4114
生物科技,4120
生物科技,4127
生物科技,4128
生物科技,4133
生物科技,4139
生物科技,4148
生物科技,4154
生物科技,4160
生物科技,4161
生物科技,4171
生物科技,4743
生物科技,4746
生物科技,4747
生物科技,4911
生物科技,6236
生物科技,6242
生物科技,6446
生物科技,6472
生物科技,6554
生物科技,8279
生物科技,8436
生物科技,910801
生物科技,1760
生物科技,1780
生物科技,1796
生物科技,3597
生物科技,4117
生物科技,4132
生物科技,4135
生物科技,4169
生物科技,4170
生物科技,4186
生物科技,4187
生物科技,4193
生物科技,4195
生物科技,4732
生物科技,6453
生物科技,6521
生物科技,6534
生物科技,6539
生物科技,6540
生物科技,6553
生物科技,6562
生物科技,6566
生物科技,6578
生物科技,6589
生物科技,6615
生物科技,6645
生物科技,7421
生物科技,8490
生物科技,8496
生物製劑,2104
生物製劑,4142
生物製劑,4168
生物製劑,4726
生物製劑,4172
生物製劑,6547
生物製劑,6562
生物辦識相關,3285
生物辦識相關,4915
生物辦識相關,5211
生物辦識相關,8351
生物辨識IC,2458
生物辨識IC,3545
生物辨識IC,6202
生物辨識IC,6462
生理監測裝置,6445
白酒,911616
皮革製品,8442
皮革製品,8443
石化,1737
石化,5902
石化,910322
石化,911616
石化,1262
石化,1301
石化,1303
石化,1304
石化,1305
石化,1307
石化,1308
石化,1309
石化,1310
石化,1312
石化,1313
石化,1315
石化,1319
石化,1321
石化,1323
石化,1326
石化,1337
石化,1339
石化,1704
石化,1712
石化,1723
石化,2107
石化,3171
石化,4303
石化,4304
石化,4305
石化,4306
石化,4720
石油及天然氣,1714
石油及天然氣,1725
石油及天然氣,2904
石油及天然氣,6505
石油及天然氣,8908
石油及天然氣,8917
石油及天然氣,9908
石油及天然氣,9918
石油及天然氣,9926
石油及天然氣,9931
石英元件,2484
石英元件,3042
石英元件,3221
石英元件,6174
石英元件,8182
石墨,1723
石蠟,1742
企業資源規劃,3664
企業資源規劃,5410
企業資源規劃,6140
休閒食品零售,1233
休閒食品零售,2723
休閒食品零售,2726
休閒食品零售,2732
休閒食品零售,2733
休閒娛樂,1432
休閒娛樂,2614
休閒娛樂,2701
休閒娛樂,2702
休閒娛樂,2705
休閒娛樂,2719
休閒娛樂,2731
休閒娛樂,2734
休閒娛樂,2901
休閒娛樂,4916
休閒娛樂,4930
休閒娛樂,5301
休閒娛樂,5324
休閒娛樂,5701
休閒娛樂,5706
休閒娛樂,5905
休閒娛樂,8462
休閒娛樂,9943
休閒娛樂,2721
休閒娛樂,2743
休閒娛樂,2745
休閒娛樂,6441
休閒娛樂,6536
休閒娛樂,8359
休閒娛樂,8479
光阻劑,1711
光阻劑,5234
光通訊,1609
光通訊,1618
光通訊,2413
光通訊,2466
光通訊,2496
光通訊,3019
光通訊,3163
光通訊,3234
光通訊,3363
光通訊,3419
光通訊,3428
光通訊,3450
光通訊,3665
光通訊,3672
光通訊,4903
光通訊,4908
光通訊,4977
光通訊,4979
光通訊,4984
光通訊,5314
光通訊,5468
光通訊,6263
光通訊,6426
光通訊,6442
光通訊,8011
光通訊,8048
光通訊元件磊晶,2455
光通訊元件磊晶,3081
光通訊元件磊晶,4971
光通訊元件磊晶,3688
光罩,2338
光碟片,2323
光碟片,2349
光碟片,2491
光碟片,3050
光碟片,8071
光碟片,8087
光碟機,2301
光碟機,2451
光碟機,3024
光碟機,3217
光碟機,6188
光碟機驅動IC,2401
光碟機驅動IC,2454
光學,1813
光學,3019
光學,3441
光學,4729
光學,5230
光學膜,1409
光學膜,1708
光學膜,1717
光學膜,3303
光學膜,3522
光學膜,3523
光學膜,3531
光學膜,3557
光學膜,3629
光學膜,3666
光學膜,4933
光學膜,6246
光學膜,6283
光學膜,8215
光學膜,8240
光學膜,3595
光學膜,3678
光學膜,6434
光學鏡片/頭,3008
光學鏡片/頭,3019
光學鏡片/頭,3362
光學鏡片/頭,3406
光學鏡片/頭,3428
光學鏡片/頭,3441
光學鏡片/頭,3630
光學鏡片/頭,4976
光學鏡片/頭,6209
光學鏡片/頭,6431
光學鏡片/頭,6498
光纖主動元件,2413
光纖主動元件,3019
光纖主動元件,3234
光纖主動元件,3450
光纖主動元件,4908
光纖主動元件,4977
光纖主動元件,4979
光纖主動元件,5314
光纖主動元件,6442
光纖主動元件,3601
光纖主動元件,6530
光纖主動元件,6546
光纖主動元件,8045
光纖光纜,1609
光纖光纜,1618
光纖光纜,2496
光纖光纜,4903
光纖光纜,8011
光纖被動元件,2466
光纖被動元件,2496
光纖被動元件,3019
光纖被動元件,3163
光纖被動元件,3363
光纖被動元件,3419
光纖被動元件,3428
光纖被動元件,6442
光纖被動元件,8011
光纖設備,3672
光纖設備,6263
光纖設備,8048
光纖設備,8045
光纖零組件,4984
光纖零組件,6426
光纖零組件,6588
再保險,2851
再保險,2852
印刷業,3284
印刷業,8401
印刷業,8421
印刷業,8481
印刷業,8906
印刷業,8921
印刷業,9929
印刷電路板,2313
印刷電路板,2316
印刷電路板,2328
印刷電路板,2355
印刷電路板,2367
印刷電路板,2368
印刷電路板,3037
印刷電路板,3044
印刷電路板,3189
印刷電路板,3229
印刷電路板,3276
印刷電路板,3701
印刷電路板,4909
印刷電路板,4927
印刷電路板,4958
印刷電路板,5291
印刷電路板,5321
印刷電路板,5349
印刷電路板,5355
印刷電路板,5381
印刷電路板,5439
印刷電路板,5464
印刷電路板,5469
印刷電路板,5480
印刷電路板,5481
印刷電路板,6101
印刷電路板,6108
印刷電路板,6114
印刷電路板,6141
印刷電路板,6156
印刷電路板,6191
印刷電路板,6194
印刷電路板,6210
印刷電路板,6251
印刷電路板,6266
印刷電路板,6278
印刷電路板,8046
印刷電路板,8155
印刷電路板,8183
印刷電路板,8213
印刷電路板相關,1303
印刷電路板相關,1528
印刷電路板相關,1612
印刷電路板相關,1704
印刷電路板相關,1802
印刷電路板相關,1815
印刷電路板相關,2313
印刷電路板相關,2316
印刷電路板相關,2328
印刷電路板相關,2355
印刷電路板相關,2367
印刷電路板相關,2368
印刷電路板相關,2383
印刷電路板相關,2402
印刷電路板相關,2406
印刷電路板相關,3037
印刷電路板相關,3044
印刷電路板相關,3115
印刷電路板相關,3144
印刷電路板相關,3167
印刷電路板相關,3189
印刷電路板相關,3229
印刷電路板相關,3276
印刷電路板相關,3305
印刷電路板相關,3321
印刷電路板相關,3354
印刷電路板相關,3390
印刷電路板相關,3631
印刷電路板相關,3645
印刷電路板相關,3701
印刷電路板相關,4526
印刷電路板相關,4909
印刷電路板相關,4927
印刷電路板相關,4939
印刷電路板相關,4958
印刷電路板相關,5291
印刷電路板相關,5321
印刷電路板相關,5340
印刷電路板相關,5349
印刷電路板相關,5355
印刷電路板相關,5381
印刷電路板相關,5439
印刷電路板相關,5464
印刷電路板相關,5469
印刷電路板相關,5475
印刷電路板相關,5480
印刷電路板相關,5481
印刷電路板相關,5498
印刷電路板相關,6101
印刷電路板相關,6108
印刷電路板相關,6114
印刷電路板相關,6141
印刷電路板相關,6153
印刷電路板相關,6156
印刷電路板相關,6191
印刷電路板相關,6194
印刷電路板相關,6210
印刷電路板相關,6213
印刷電路板相關,6234
印刷電路板相關,6251
印刷電路板相關,6266
印刷電路板相關,6269
印刷電路板相關,6274
印刷電路板相關,6278
印刷電路板相關,6609
印刷電路板相關,8021
印刷電路板相關,8027
印刷電路板相關,8039
印刷電路板相關,8046
印刷電路板相關,8074
印刷電路板相關,8155
印刷電路板相關,8183
印刷電路板相關,8213
印刷電路板相關,8358
印表機,2301
印表機,2312
印表機,3494
印表機,3611
印表機,3652
印表機,4915
印表機,4987
印表機,9105
印表機,3184
印表機耗材,1711
印表機耗材,3494
印表機耗材,3611
印表機耗材,4987
印表機耗材,5304
印表機耗材,6128
印表機耗材,4741
合成樹酯,1301
合成樹酯,1303
合成樹酯,1709
合成樹酯,1717
合成樹酯,3708
合成樹酯,4711
合成樹酯,4716
合成樹酯,4722
合成樹酯,6506
合成橡膠,2103
合成橡膠,2108
合成橡膠,8423
合金鋼,1584
合金鋼,5009
回收、焚化相關,1516
回收、焚化相關,1785
回收、焚化相關,1808
回收、焚化相關,3663
回收、焚化相關,4402
回收、焚化相關,6803
回收、焚化相關,8341
回收、焚化相關,8390
回收、焚化相關,8422
回收、焚化相關,8931
回收、焚化相關,9930
回收、焚化相關,9955
回收、焚化相關,6581
回收、焚化相關,8438
回收、焚化相關,8440
地產,1103
地產,1229
地產,1316
地產,1402
地產,1410
地產,1414
地產,1416
地產,1419
地產,1435
地產,1436
地產,1437
地產,1438
地產,1439
地產,1442
地產,1453
地產,1456
地產,1463
地產,1532
地產,1605
地產,1609
地產,1805
地產,1808
地產,1903
地產,2107
地產,2348
地產,2442
地產,2501
地產,2505
地產,2506
地產,2509
地產,2511
地產,2514
地產,2520
地產,2524
地產,2527
地產,2528
地產,2530
地產,2534
地產,2536
地產,2537
地產,2538
地產,2539
地產,2540
地產,2542
地產,2545
地產,2547
地產,2548
地產,2596
地產,2601
地產,2611
地產,2633
地產,2701
地產,2706
地產,2841
地產,2901
地產,2923
地產,3018
地產,3040
地產,3052
地產,3056
地產,3073
地產,3188
地產,3252
地產,3266
地產,3310
地產,3489
地產,3512
地產,3521
地產,3703
地產,4113
地產,4306
地產,4413
地產,4416
地產,4907
地產,5206
地產,5213
地產,5304
地產,5310
地產,5324
地產,5493
地產,5508
地產,5512
地產,5514
地產,5519
地產,5522
地產,5523
地產,5525
地產,5529
地產,5530
地產,5531
地產,5533
地產,5534
地產,5607
地產,6171
地產,6177
地產,6186
地產,6199
地產,6212
地產,6219
地產,6240
地產,6264
地產,8905
地產,8913
地產,8934
地產,911619
地產,912000
地產,9902
地產,9906
地產,9908
地產,9940
地產,9945
地產,9946
地產,2599
地產,2721
多媒體產品,2365
多媒體產品,2498
多媒體產品,3024
多媒體產品,3054
多媒體產品,3287
多媒體產品,6225
多媒體產品,6560
多媒體產品,7402
多媒體產品,910482
多媒體產品,9105
安全氣囊,2228
安全監控系統,2332
安全監控系統,2371
安全監控系統,2390
安全監控系統,3128
安全監控系統,3297
安全監控系統,3356
安全監控系統,3434
安全監控系統,3454
安全監控系統,3669
安全監控系統,3701
安全監控系統,5251
安全監控系統,5309
安全監控系統,5484
安全監控系統,5489
安全監控系統,6131
安全監控系統,6419
安全監控系統,6560
安全監控系統,7402
安全監控系統,8072
安全監控系統,9917
安全監控系統,9925
成衣,1315
成衣,1402
成衣,1417
成衣,1419
成衣,1444
成衣,1446
成衣,1451
成衣,1467
成衣,1473
成衣,1476
成衣,1477
成衣,2906
成衣,2915
成衣,3085
成衣,4414
成衣,4429
成衣,4432
成衣,4433
成衣,4438
成衣,5906
成衣,8429
成衣,8916
成衣製造,1315
成衣製造,1402
成衣製造,1417
成衣製造,1419
成衣製造,1446
成衣製造,1451
成衣製造,1467
成衣製造,1473
成衣製造,1476
成衣製造,1477
成衣製造,4414
成衣製造,4429
成衣製造,4432
成衣製造,4433
成衣製造,4438
成衣製造,8916
成衣銷售,1402
成衣銷售,1417
成衣銷售,1419
成衣銷售,1444
成衣銷售,1473
成衣銷售,1477
成衣銷售,2906
成衣銷售,2915
成衣銷售,3085
成衣銷售,4432
成衣銷售,5906
成衣銷售,8429
收送話器,2439
收送話器,3206
收送話器,6143
收送話器,9105
有線電視,3045
有線電視,6184
有線電視,6464
有線電視,910482
污水處理廠,8383
污水處理廠,8473
百貨公司,1432
百貨公司,1440
百貨公司,1532
百貨公司,2520
百貨公司,2601
百貨公司,2901
百貨公司,2903
百貨公司,2910
百貨公司,2912
百貨公司,2926
百貨公司,5701
百貨公司,5904
百貨公司,5907
羽絨加工,4438
耳機,2365
耳機,2392
耳機,2439
耳機,3206
耳機,3540
耳機,4915
耳機,5225
耳機,6276
耳機,8163
耳機,9105
耳機,3349
耳機,5294
肉品加工,1210
肉品加工,1215
肉品加工,1216
肉品加工,1258
肉品加工,8905
自行車,8163
自行車,8924
自行車,8933
自行車,9921
自行車零件,1517
自行車零件,1526
自行車零件,1527
自行車零件,2233
自行車零件,3162
自動化設備,5489
自動化設備,5493
自動化設備,6125
自動化設備,8064
自動化儀器,4549
自動販賣機,4503
自動販賣機,912000
血糖儀,1733
血糖儀,1781
血糖儀,3059
血糖儀,3508
血糖儀,4161
血糖儀,4183
血糖儀,4736
血糖儀,4737
血糖儀,4134
血糖儀,4155
血糖儀,4197
血壓計,1604
血壓計,1781
血壓計,3019
血壓計,4103
血壓計,4121
血壓計,4735
血壓計,4736
行車紀錄器,1533
行車紀錄器,2365
行車紀錄器,2385
行車紀錄器,2497
行車紀錄器,3002
行車紀錄器,3306
行車紀錄器,3431
行車紀錄器,3632
行車紀錄器,3706
行車紀錄器,6560
行車紀錄器,8084
行動通訊,2412
行動通訊,3045
行動通訊,3682
行動通訊,4904
西藥製劑,1701
西藥製劑,1720
西藥製劑,1734
西藥製劑,1752
西藥製劑,1795
西藥製劑,3176
西藥製劑,3705
西藥製劑,4105
西藥製劑,4111
西藥製劑,4114
西藥製劑,4123
西藥製劑,4127
西藥製劑,4130
西藥製劑,4180
西藥製劑,4192
西藥製劑,4747
西藥製劑,6452
西藥製劑,6472
西藥製劑,6496
西藥製劑,8432
西藥製劑,1760
西藥製劑,4132
西藥製劑,4166
西藥製劑,4191
西藥製劑,6461
西藥製劑,6620
伺服器,2317
伺服器,2324
伺服器,2353
伺服器,2356
伺服器,2376
伺服器,2377
伺服器,2382
伺服器,3231
伺服器,3706
伺服器,4938
伺服器,6166
伺服器,6416
低雜訊降頻器,2314
低雜訊降頻器,2485
低雜訊降頻器,6152
低雜訊降頻器,6285
低雜訊降頻器,910482
住宅建設,2511
住宅建設,2520
住宅建設,2542
住宅建設,2546
住宅建設,2597
住宅建設,3489
住宅建設,3703
住宅建設,5206
住宅建設,5515
住宅建設,5516
住宅建設,5519
住宅建設,6401
免持聽筒,2439
冷軋不袗,2025
冷軋鋼捲,2002
冷軋鋼捲,2008
冷軋鋼捲,2014
冷軋鋼捲,2029
冷軋鋼捲,9907
冷氣機,1504
冷氣機,1604
冷氣機,1614
冷氣機,2371
冷陰極燈管,3536
尿素,1722
投信,2880
投信,2881
投信,2882
投信,2885
投信,2886
投信,2887
投信,2888
投信,2890
投信,2891
投信,2892
投信,5820
投信,5880
投影機,2308
投影機,2352
投影機,2353
投影機,2365
投影機,3287
投影機,3669
投影機,5371
投影機,6225
投影機零件,3504
投影機零件,1814
投影機零件,5216
汽車內裝,1319
汽車內裝,1338
汽車內裝,1592
汽車內裝,2228
汽車內裝,4523
汽車內裝,4535
汽車內裝,4543
汽車內裝,9951
汽車服務相關,2207
汽車服務相關,2640
汽車服務相關,3680
汽車服務相關,5398
汽車服務相關,5871
汽車服務相關,9902
汽車板金,1319
汽車板金,1512
汽車板金,1524
汽車板金,1525
汽車空調,1592
汽車空調,4523
汽車空調,4543
汽車保險桿,1319
汽車保險桿,1339
汽車座椅,4535
汽車製造,2201
汽車製造,2204
汽車製造,2206
汽車製造,2317
汽車製造,4529
汽車銷售,2201
汽車銷售,2204
汽車銷售,2206
汽車銷售,2207
汽車銷售,2227
汽車銷售,5287
汽車融資,5871
汽車融資,9941
汽電共生,1101
汽電共生,1102
汽電共生,1312
汽電共生,6505
汽電共生,8926
汽電共生,8931
汽機車零組件,1319
汽機車零組件,1339
汽機車零組件,1503
汽機車零組件,1506
汽機車零組件,1512
汽機車零組件,1522
汽機車零組件,1524
汽機車零組件,1525
汽機車零組件,1536
汽機車零組件,1537
汽機車零組件,1568
汽機車零組件,1592
汽機車零組件,1599
汽機車零組件,2115
汽機車零組件,2201
汽機車零組件,2204
汽機車零組件,2206
汽機車零組件,2207
汽機車零組件,2227
汽機車零組件,2228
汽機車零組件,2230
汽機車零組件,2233
汽機車零組件,2235
汽機車零組件,2236
汽機車零組件,2239
汽機車零組件,2301
汽機車零組件,2308
汽機車零組件,3311
汽機車零組件,4502
汽機車零組件,4528
汽機車零組件,4535
汽機車零組件,4543
汽機車零組件,4551
汽機車零組件,4557
汽機車零組件,5288
汽機車零組件,5309
汽機車零組件,6121
汽機車零組件,8107
汽機車零組件,8215
汽機車零組件,8937
汽機車零組件,9110
沙灘車,1536
沙灘車,1599
沙灘車,8937
系統整合,2308
系統整合,2371
系統整合,2390
系統整合,2419
系統整合,2427
系統整合,2453
系統整合,2468
系統整合,2471
系統整合,3021
系統整合,3029
系統整合,3570
系統整合,3664
系統整合,3701
系統整合,4905
系統整合,5201
系統整合,5205
系統整合,5209
系統整合,5210
系統整合,5212
系統整合,5263
系統整合,5310
系統整合,5403
系統整合,5410
系統整合,6112
系統整合,6140
系統整合,6148
系統整合,6163
系統整合,6183
系統整合,6214
系統整合,6218
系統整合,6221
系統整合,6486
系統整合,8099
系統整合,910861
系統整合,3147
系統整合,3377
系統整合,6565
系統整合,6590
系統整合,8122
系統整合,8284
車用充電相關,2308
車用充電相關,2457
車用充電相關,3002
車用充電相關,3058
車用充電相關,6282
車用冷卻系統,1319
車用冷卻系統,1592
車用冷卻系統,2235
車用冷卻系統,4543
車用沖壓件,2239
車用沖壓件,5288
車用金屬成型,1506
車用金屬成型,1532
車用金屬成型,1586
車用金屬成型,2239
車用金屬成型,2415
車用金屬成型,3005
車用金屬成型,4528
車用金屬成型,5288
車用電子,1533
車用電子,2106
車用電子,2231
車用電子,2235
車用電子,2301
車用電子,2308
車用電子,2357
車用電子,2365
車用電子,2385
車用電子,2413
車用電子,2424
車用電子,2497
車用電子,3002
車用電子,3003
車用電子,3024
車用電子,3059
車用電子,3128
車用電子,3306
車用電子,3431
車用電子,3552
車用電子,3632
車用電子,3706
車用電子,4523
車用電子,4554
車用電子,4952
車用電子,5309
車用電子,5314
車用電子,5315
車用電子,6188
車用電子,6222
車用電子,6279
車用電子,6285
車用電子,6560
車用電子,8084
車用電子,8255
車用電子,6272
車用電池,1537
車用電池,2301
車用電池,2308
車用電池,5309
車用電池,6121
車用鍛件,1506
車用鍛件,1586
車用鍛件,2415
車用鍛件,4528
車用鑄件,1506
車用鑄件,1532
車用鑄件,3005
車載影音系統,2424
車載影音系統,2497
車載影音系統,3024
車載影音系統,3306
車載影音系統,5309
車載影音系統,6188
車輛整車,1536
車輛整車,1599
車輛整車,2201
車輛整車,2204
車輛整車,2206
車輛整車,2207
車輛整車,2227
車輛整車,2236
車輛整車,2317
車輛整車,2640
車輛整車,3680
車輛整車,4528
車輛整車,4529
車輛整車,5276
車輛整車,5287
車輛整車,5398
車輛整車,5871
車輛整車,8163
車輛整車,8924
車輛整車,8933
車輛整車,8937
車輛整車,9110
車輛整車,9902
車輛整車,9914
車輛整車,9921
車輛整車,9941
車燈,1521
車燈,1522
車燈,1538
車燈,2230
車燈,3226
車燈,5276
車燈,6605
乳製品,1201
乳製品,1216
乳製品,1217
乳製品,1227
事務機器,2380
事務機器,2433
事務機器,4720
事務機器,4915
事務機器,5438
事務機器,6298
亞克力棉,1301
來電顯示IC,2458
供熱,8931
其他IC,2388
其他IC,3259
其他IC,3268
其他IC,3545
其他IC,4966
其他IC,5269
其他IC,5274
其他IC,6103
其他IC,6104
其他IC,6198
其他IC,6202
其他IC,6229
其他IC,6233
其他IC,6411
其他IC,6594
其他IC,8054
其他IC,8299
其他IC,3530
其他IC,4925
其他公用事業,1434
其他公用事業,1513
其他公用事業,2607
其他公用事業,2611
其他公用事業,2616
其他公用事業,5603
其他公用事業,8927
其他公用事業,9937
其他化工產品,1301
其他化工產品,1313
其他化工產品,1326
其他化工產品,1710
其他化工產品,1711
其他化工產品,1713
其他化工產品,1714
其他化工產品,1717
其他化工產品,1718
其他化工產品,1721
其他化工產品,1722
其他化工產品,1724
其他化工產品,1727
其他化工產品,1735
其他化工產品,1773
其他化工產品,1776
其他化工產品,1787
其他化工產品,4702
其他化工產品,4707
其他化工產品,4721
其他化工產品,4725
其他化工產品,4739
其他化工產品,4755
其他化工產品,5450
其他化工產品,6506
其他化工產品,6509
其他化工產品,8435
其他手術器械,6499
其他零件,2059
其他零件,2308
其他零件,2460
其他零件,2466
其他零件,2483
其他零件,3003
其他零件,3011
其他零件,3162
其他零件,3432
其他零件,3484
其他零件,3609
其他零件,5317
其他零件,5457
其他零件,6279
其他零件,8033
其他零件,8085
其他電子通路商,2359
其他電子通路商,2371
其他電子通路商,2430
其他電子通路商,2459
其他電子通路商,3010
其他電子通路商,3026
其他電子通路商,3028
其他電子通路商,3048
其他電子通路商,3090
其他電子通路商,3114
其他電子通路商,3209
其他電子通路商,3224
其他電子通路商,3312
其他電子通路商,3313
其他電子通路商,3388
其他電子通路商,3426
其他電子通路商,3444
其他電子通路商,3528
其他電子通路商,3537
其他電子通路商,3702
其他電子通路商,3709
其他電子通路商,5434
其他電子通路商,5452
其他電子通路商,6114
其他電子通路商,6123
其他電子通路商,6189
其他電子通路商,6259
其他電子通路商,8032
其他電子通路商,8043
其他電子通路商,8067
其他電子通路商,8070
其他電子通路商,8071
其他電子通路商,8074
其他電子通路商,8080
其他電子通路商,8112
其他電子通路商,8182
其他電子通路商,8455
其他電子通路商,3138
其他電子通路商,3597
其他電子通路商,4980
其他電子通路商,5262
其他醫療器材,1474
其他醫療器材,4116
其他醫療器材,4126
其他醫療器材,4163
其他醫療器材,4720
其他醫療器材,4735
其他醫療器材,5288
其他醫療器材,5398
其他醫療器材,6504
其他醫療器材,8215
其他醫療器材,9103
呼吸與麻醉用器具,4106
呼吸與麻醉用器具,3184
呼吸與麻醉用器具,6445
呼吸與麻醉用器具,6633
房屋仲介,2348
房屋仲介,2540
房屋仲介,6219
房屋仲介,9940
抬頭顯示器(HUD),2497
拉鍊,8932
服務業,2496
服務業,2891
服務業,3130
服務業,4804
服務業,5287
服務業,5530
服務業,5905
服務業,6169
服務業,6294
服務業,8437
服務業,8489
服務業,9917
服務業,9925
板鋼,2002
板鋼,2006
板鋼,2008
板鋼,2010
板鋼,2014
板鋼,2020
板鋼,2023
板鋼,2028
板鋼,2029
板鋼,2031
板鋼,2038
板鋼,8011
板鋼,9907
油品儲運/分銷,1714
油品儲運/分銷,1725
油品儲運/分銷,2904
油品儲運/分銷,6505
油封,9942
油酯,1210
油酯,1216
油酯,1217
油酯,1218
油酯,1219
油酯,1220
油酯,1225
油酯,1227
油酯,1229
油酯,1232
油酯,1702
油酯,1709
油酯,1737
油酯,4207
油輪,2605
油輪,2606
物流業,1443
物流業,2607
物流業,2608
物流業,2612
物流業,2636
物流業,2640
物流業,2642
物流業,2643
物流業,5604
物流業,5607
物流業,5609
物流業,910861
物流業,8367
物業投資發展,1103
物業投資發展,1229
物業投資發展,1410
物業投資發展,1414
物業投資發展,1419
物業投資發展,1435
物業投資發展,1437
物業投資發展,1439
物業投資發展,1605
物業投資發展,1903
物業投資發展,2442
物業投資發展,2506
物業投資發展,2511
物業投資發展,2514
物業投資發展,2547
物業投資發展,2601
物業投資發展,2633
物業投資發展,2701
物業投資發展,2706
物業投資發展,2901
物業投資發展,2923
物業投資發展,3040
物業投資發展,3252
物業投資發展,4416
物業投資發展,5304
物業投資發展,5512
物業投資發展,5525
物業投資發展,5607
物業投資發展,6199
物業投資發展,6240
物業投資發展,8913
物業投資發展,8934
物業投資發展,911619
物業投資發展,912000
物業投資發展,9908
物業投資發展,2721
玩具,2911
玩具,2924
玩具,8033
矽晶圓,1560
矽晶圓,3016
矽晶圓,3532
矽晶圓,3579
矽晶圓,3583
矽晶圓,4402
矽晶圓,5483
矽晶圓,6182
矽晶圓,6488
矽晶圓,8028
矽碟機,2349
矽碟機,2451
矽碟機,3054
矽碟機,3260
矽碟機,4973
矽碟機,6145
矽碟機,6172
矽碟機,8088
矽碟機,8271
矽碟機,8299
矽碟機,4967
社群網站,5210
社群網站,5278
空運,2504
空運,2610
空運,2618
空調冷氣設備,1513
空調冷氣設備,4527
肥料,1708
肥料,1712
肥料,1722
肥料,4148
肥料,4739
芳香涇,1310
芳香涇,1326
芳香涇,1723
芳香涇,6505
近場通訊(NFC),5490
近場通訊(NFC),8351
金,1785
金控,2880
金控,2881
金控,2882
金控,2883
金控,2884
金控,2885
金控,2886
金控,2887
金控,2888
金控,2889
金控,2890
金控,2891
金控,2892
金控,5820
金控,5880
金融其他,2820
金融其他,2880
金融其他,2881
金融其他,2882
金融其他,2884
金融其他,2885
金融其他,2886
金融其他,2887
金融其他,2888
金融其他,2889
金融其他,2890
金融其他,2892
金融業,2801
金融業,2809
金融業,2812
金融業,2816
金融業,2820
金融業,2823
金融業,2832
金融業,2834
金融業,2836
金融業,2838
金融業,2845
金融業,2849
金融業,2850
金融業,2851
金融業,2852
金融業,2855
金融業,2856
金融業,2867
金融業,2880
金融業,2881
金融業,2882
金融業,2883
金融業,2884
金融業,2885
金融業,2886
金融業,2887
金融業,2888
金融業,2889
金融業,2890
金融業,2891
金融業,2892
金融業,2897
金融業,2905
金融業,4164
金融業,5820
金融業,5871
金融業,5878
金融業,5880
金融業,6005
金融業,6015
金融業,6016
金融業,6020
金融業,6021
金融業,6023
金融業,6024
金融業,6026
金融業,8913
金融業,5859
金融業,5863
金融業,5864
金融業,5876
金融業,6027
金融業,6637
金融機具,2427
金融機具,5410
金錫凸塊,3305
金錫凸塊,3631
金錫凸塊,6124
金錫凸塊,6147
金錫凸塊,8150
金屬加工/製品,2233
金屬加工/製品,4163
金屬加工/製品,8431
金屬加工/製品,8996
金屬加工/製品,4564
金屬加工/製品,4566
非酒精飲料,1201
非酒精飲料,1203
非酒精飲料,1213
非酒精飲料,1216
非酒精飲料,1217
非酒精飲料,1218
非酒精飲料,1234
非酒精飲料,1256
非酒精飲料,1737
非酒精飲料,5902
非酒精飲料,910322
非揮發性記憶體,2337
非揮發性記憶體,2344
非鐵金屬,1584
非鐵金屬,1713
非鐵金屬,2009
非鐵金屬,2358
非鐵金屬,4543
非鐵金屬,5285
非鐵金屬,9927
便利商店,2912
便利商店,5903
保全,2891
保全,9917
保全,9925
保健食品,1201
保健食品,1216
保健食品,1217
保健食品,1227
保健食品,1707
保健食品,3205
保健食品,6265
保健食品,8436
保險粉,1713
保險經紀,2884
保險經紀,2887
保險經紀,2888
保險經紀,2891
保險經紀,5878
型鋼,2006
型鋼,2015
客貨車輛有關,2204
客運,2607
客運,2640
封測用設備,3093
封測用設備,3131
封測用設備,3581
封測用設備,5443
封測用設備,6187
封測用設備,6261
封測用設備,8027
封測用設備,5297
封測用設備,6640
封測服務與材料,2351
封測服務與材料,2460
封測服務與材料,2483
封測服務與材料,2486
封測服務與材料,3037
封測服務與材料,3189
封測服務與材料,3305
封測服務與材料,3310
封測服務與材料,3581
封測服務與材料,3631
封測服務與材料,3653
封測服務與材料,5285
封測服務與材料,5349
封測服務與材料,5383
封測服務與材料,6124
封測服務與材料,6147
封測服務與材料,6217
封測服務與材料,6223
封測服務與材料,6510
封測服務與材料,6548
封測服務與材料,6552
封測服務與材料,8046
封測服務與材料,8150
封測服務與材料,8127
封測服務與材料,8179
建材,2103
建材,2108
建材,2108
建材,6582
建材,1507
建材,1603
建材,1802
建材,1805
建材,1806
建材,1809
建材,2597
建材,3149
建材,4506
建材,8424
建築設計、營繕裝璜,2913
建築設計、營繕裝璜,8426
建築設計、營繕裝璜,8463
指紋辨識,3285
指紋辨識,4915
指紋辨識,8351
染料顏料,1711
染料顏料,1727
染料顏料,1787
染料顏料,4702
染料顏料,4706
染料顏料,4746
染整,1410
染整,1463
染整,6506
洗衣機,1504
洗衣機,1604
洗衣機,1614
洗腎器具,1788
洗腎器具,4104
洗腎器具,4107
活塞,1506
活塞,2230
流通業,1220
流通業,1234
流通業,1264
流通業,1432
流通業,1440
流通業,1516
流通業,1532
流通業,1712
流通業,2443
流通業,2520
流通業,2601
流通業,2611
流通業,2614
流通業,2901
流通業,2903
流通業,2905
流通業,2906
流通業,2908
流通業,2910
流通業,2912
流通業,2913
流通業,2915
流通業,2926
流通業,2936
流通業,3073
流通業,4128
流通業,4131
流通業,5701
流通業,5902
流通業,5903
流通業,5904
流通業,5907
流通業,8433
流通業,8454
流通業,9902
流通業,9945
流通業,2939
玻璃,8444
玻璃,8466
玻璃基板,2429
玻璃基板,3149
玻璃基板加工,2438
玻璃基板加工,3149
玻璃基板加工,3290
玻璃基板加工,3311
玻璃基板加工,4729
玻璃基板加工,5259
玻璃基板加工,6116
玻璃基板加工,6405
玻璃基板加工,6431
玻纖布,1303
玻纖布,1802
玻纖布,1815
玻纖布,5340
玻纖布,5475
研磨液,1711
研磨液,1717
研磨液,4755
穿載式裝置,2317
穿載式裝置,2324
穿載式裝置,2356
穿載式裝置,2357
穿載式裝置,2382
穿載式裝置,2385
穿載式裝置,2392
穿載式裝置,2413
穿載式裝置,2498
穿載式裝置,3431
穿載式裝置,3632
穿載式裝置,4915
穿載式裝置,4938
穿載式裝置,8101
穿載式裝置,9105
穿載式裝置,6529
紅外線傳輸模組,2301
紅外線傳輸模組,2393
紅外線傳輸模組,2499
紅外線傳輸模組,3031
紅外線傳輸模組,3591
紅外線傳輸模組,3698
紅外線傳輸模組,8111
紅外線傳輸模組,5244
紅外線傳輸模組,6559
美容,4137
美容,4190
美容,6539
耐火材料,4754
背光模組,2486
背光模組,3531
背光模組,3557
背光模組,3685
背光模組,4935
背光模組,5371
背光模組,6120
背光模組,6168
背光模組,6176
背光模組,6246
背光模組,8085
背光模組,3633
胎壓監測系統,1533
胎壓監測系統,2106
胎壓監測系統,2231
胎壓監測系統,2235
胎壓監測系統,2497
胎壓監測系統,3552
胎壓監測系統,3632
胎壓監測系統,4554
胎壓監測系統,5309
負極材料,1723
重型電器設備,1503
重型電器設備,1504
重型電器設備,1513
重型電器設備,2371
面板設備,2464
面板設備,2467
面板設備,3413
面板設備,3455
面板設備,3535
面板設備,5443
面板設備,8064
面板設備,3485
面板設備,4537
面板設備,6425
面板業,2409
面板業,2413
面板業,2429
面板業,2475
面板業,3038
面板業,3049
面板業,3052
面板業,3285
面板業,3481
面板業,3508
面板業,3615
面板業,3622
面板業,3623
面板業,3673
面板業,4729
面板業,4995
面板業,5245
面板業,5259
面板業,5315
面板業,5386
面板業,5432
面板業,6116
面板業,6167
面板業,6189
面板業,6246
面板業,6456
面板業,8049
面板業,8069
面板業,8085
面板業,8105
面板業,3168
面板業,3633
面板業,5220
面板業,5283
面板業,8104
面板零組件,1409
面板零組件,1708
面板零組件,1717
面板零組件,2429
面板零組件,2438
面板零組件,2486
面板零組件,3051
面板零組件,3149
面板零組件,3290
面板零組件,3303
面板零組件,3311
面板零組件,3522
面板零組件,3523
面板零組件,3531
面板零組件,3536
面板零組件,3557
面板零組件,3615
面板零組件,3629
面板零組件,3666
面板零組件,3685
面板零組件,4716
面板零組件,4729
面板零組件,4933
面板零組件,4935
面板零組件,4960
面板零組件,5259
面板零組件,5371
面板零組件,6116
面板零組件,6120
面板零組件,6168
面板零組件,6176
面板零組件,6246
面板零組件,6283
面板零組件,6405
面板零組件,6431
面板零組件,8085
面板零組件,8215
面板零組件,8240
面板零組件,3595
面板零組件,3633
面板零組件,3678
面板零組件,6434
音響設備及零件,2365
音響設備及零件,2415
音響設備及零件,2477
音響設備及零件,2488
音響設備及零件,2489
音響設備及零件,3285
音響設備及零件,3287
音響設備及零件,4915
音響設備及零件,5225
音響設備及零件,6201
音響設備及零件,6247
音響試聽組合,4915
音響試聽組合,6247
飛機零件製造,2634
飛機零件製造,4541
飛機零件製造,4916
飛機零件製造,8222
飛機零件製造,8383
食品加工,1201
食品加工,1203
食品加工,1210
食品加工,1215
食品加工,1216
食品加工,1217
食品加工,1219
食品加工,1227
食品加工,1229
食品加工,1231
食品加工,1232
食品加工,1233
食品加工,1236
食品加工,1258
食品加工,1264
食品加工,1702
食品加工,1707
食品加工,1712
食品加工,2723
食品加工,2913
食品加工,3164
食品加工,3205
食品加工,4205
食品加工,4712
食品加工,6265
食品加工,8436
食品加工,8905
食品加工,910322
食品生技,1701
食品生技,1707
食品生技,1720
食品生技,1734
食品生技,1737
食品生技,1786
食品生技,3164
食品生技,3205
食品生技,3224
食品生技,3705
食品生技,4108
食品生技,4109
食品生技,4114
食品生技,4120
食品生技,4127
食品生技,4128
食品生技,4139
食品生技,4154
食品生技,4743
食品生技,4747
食品生技,4911
食品生技,6236
食品生技,6242
食品生技,6472
食品生技,8279
食品生技,8436
食品生技,1760
食品生技,1796
食品生技,4132
食品生技,4135
食品生技,4169
食品生技,4187
食品生技,4193
食品生技,4732
食品生技,6453
食品生技,6539
食品生技,6553
食品生技,6566
食品生技,7421
食品生技,8490
食品飲料相關通路,1220
食品飲料相關通路,1234
食品飲料相關通路,1264
食品飲料相關通路,3073
食品飲料相關通路,4128
俱樂部,2702
俱樂部,5324
俱樂部,8462
倉儲/貨櫃場,1103
倉儲/貨櫃場,2107
倉儲/貨櫃場,2443
倉儲/貨櫃場,2607
倉儲/貨櫃場,2608
倉儲/貨櫃場,2612
倉儲/貨櫃場,2613
倉儲/貨櫃場,2614
倉儲/貨櫃場,2643
倉儲/貨櫃場,3024
倉儲/貨櫃場,5601
倉儲/貨櫃場,5603
倉儲/貨櫃場,5607
倉儲/貨櫃場,8905
倉儲/貨櫃場,8367
個人保護用器材,1474
個人保護用器材,6504
個人保護用器材,9103
倒車雷達,2413
倒車雷達,3552
倒車影像系統,1533
倒車影像系統,3552
倒車影像系統,5309
原物料,1711
原物料,1762
原物料,1777
原物料,1789
原物料,1799
原物料,3705
原物料,4102
原物料,4119
原物料,4167
原物料,4746
原物料,6452
原物料,8279
原物料,4187
套裝軟體,3570
套裝軟體,5202
套裝軟體,5203
套裝軟體,5263
套裝軟體,8201
家具,6195
家具,8066
家具,8427
家居用品,1402
家居用品,1416
家居用品,1810
家居用品,1817
家居用品,2062
家居用品,2373
家居用品,2906
家居用品,4950
家居用品,6195
家居用品,8066
家居用品,8427
家居用品,8464
家居用品,8916
家居用品,8924
家居用品,9911
家居用品,9924
家居用品,9934
家居用品,9935
家居用品,9944
家居相關用品通路,2908
家庭用紙,1903
家庭用紙,1904
家庭用紙,1907
家庭用紙,6504
家庭用紙,8480
家庭用紙,8929
家庭用紙,9919
家畜、家禽,1258
家電,6414
家電,912000
家電,2371
家電,6192
家電,1504
家電,1538
家電,1604
家電,1611
家電,1614
家電,1626
家電,2371
家電,2430
家電,2443
家電,2466
家電,2937
家電,3024
家電,3052
家電,3325
家電,3516
家電,4109
家電,4609
家電,4915
家電,4930
家電,4972
家電,5281
家電,5309
家電,6107
家電,6201
射頻前端晶片,2314
射頻前端晶片,4968
射頻前端晶片,6107
射頻前端模組,4968
射頻開閞,4968
振盪器,2484
振盪器,3042
振盪器,3221
振盪器,6174
振盪器,8080
振盪器,8182
振盪器,8289
旅遊,2614
旅遊,2719
旅遊,2731
旅遊,2734
旅遊,4930
旅遊,5301
旅遊,5706
旅遊,2743
旅遊,2745
旅館、餐飲,1233
旅館、餐飲,1259
旅館、餐飲,1532
旅館、餐飲,1702
旅館、餐飲,1708
旅館、餐飲,2511
旅館、餐飲,2514
旅館、餐飲,2611
旅館、餐飲,2614
旅館、餐飲,2702
旅館、餐飲,2704
旅館、餐飲,2705
旅館、餐飲,2706
旅館、餐飲,2707
旅館、餐飲,2712
旅館、餐飲,2718
旅館、餐飲,2722
旅館、餐飲,2723
旅館、餐飲,2726
旅館、餐飲,2727
旅館、餐飲,2729
旅館、餐飲,2732
旅館、餐飲,2736
旅館、餐飲,2739
旅館、餐飲,2740
旅館、餐飲,2748
旅館、餐飲,2905
旅館、餐飲,2910
旅館、餐飲,2926
旅館、餐飲,3252
旅館、餐飲,4804
旅館、餐飲,5364
旅館、餐飲,5531
旅館、餐飲,5701
旅館、餐飲,5703
旅館、餐飲,5704
旅館、餐飲,5905
旅館、餐飲,6128
旅館、餐飲,8077
旅館、餐飲,8940
旅館、餐飲,1268
旅館、餐飲,1269
旅館、餐飲,2720
旅館、餐飲,2721
旅館、餐飲,2730
旅館、餐飲,2733
旅館、餐飲,2738
旅館、餐飲,2741
時尚產業,1734
時尚產業,1737
時尚產業,1783
時尚產業,1784
時尚產業,1786
時尚產業,3224
時尚產業,3705
時尚產業,4127
時尚產業,4137
時尚產業,4161
時尚產業,4190
時尚產業,4728
時尚產業,4807
時尚產業,5301
時尚產業,6236
時尚產業,6523
時尚產業,8436
時尚產業,8442
時尚產業,1760
時尚產業,4135
時尚產業,4136
時尚產業,4197
時尚產業,6539
時尚產業,7421
時尚產業,8490
時尚產業,6574
桌上型電腦,2317
桌上型電腦,2331
桌上型電腦,2353
桌上型電腦,2357
桌上型電腦,2376
桌上型電腦,2377
桌上型電腦,3231
桌上型電腦,4938
氧化物晶圓,8121
海水淡化,8383
消費性IC,2401
消費性IC,2436
消費性IC,2454
消費性IC,2458
消費性IC,3014
消費性IC,3034
消費性IC,3041
消費性IC,3073
消費性IC,3268
消費性IC,3556
消費性IC,4919
消費性IC,4952
消費性IC,5302
消費性IC,5471
消費性IC,5487
消費性IC,6129
消費性IC,6202
消費性IC,6229
消費性電子產品,1593
消費性電子產品,2312
消費性電子產品,2317
消費性電子產品,2332
消費性電子產品,2352
消費性電子產品,2356
消費性電子產品,2365
消費性電子產品,2371
消費性電子產品,2390
消費性電子產品,2392
消費性電子產品,2417
消費性電子產品,2451
消費性電子產品,2482
消費性電子產品,2498
消費性電子產品,3024
消費性電子產品,3040
消費性電子產品,3054
消費性電子產品,3128
消費性電子產品,3287
消費性電子產品,3297
消費性電子產品,3356
消費性電子產品,3432
消費性電子產品,3434
消費性電子產品,3454
消費性電子產品,3669
消費性電子產品,3701
消費性電子產品,4938
消費性電子產品,5251
消費性電子產品,5258
消費性電子產品,5309
消費性電子產品,5484
消費性電子產品,5489
消費性電子產品,6131
消費性電子產品,6143
消費性電子產品,6165
消費性電子產品,6201
消費性電子產品,6225
消費性電子產品,6264
消費性電子產品,6419
消費性電子產品,6560
消費性電子產品,7402
消費性電子產品,8033
消費性電子產品,8072
消費性電子產品,8201
消費性電子產品,8287
消費性電子產品,910482
消費性電子產品,9105
消費性電子產品,9917
消費性電子產品,9925
消費性電子通路商,2347
消費性電子通路商,2392
消費性電子通路商,6145
消費性電子通路商,8067
消費者服務,4804
消費者服務,5905
烤肉架,8941
烤漆鋼捲,2023
烤漆鋼捲,2029
特殊用紙,1905
特殊鋼,5009
特種車輛有關,2206
特種車輛有關,9902
珠寶,4807
珠寶,5301
砷化鎵相關,2455
砷化鎵相關,3081
砷化鎵相關,3105
砷化鎵相關,4971
砷化鎵相關,4991
砷化鎵相關,8086
砷化鎵相關,5222
租賃,2890
租賃,4164
租賃,5871
租賃,8913
租賃,6637
純棉紗,1451
紙漿,8480
紙漿,8929
紙漿,9919
紡織中游,1325
紡織中游,1402
紡織中游,1410
紡織中游,1414
紡織中游,1416
紡織中游,1419
紡織中游,1423
紡織中游,1432
紡織中游,1434
紡織中游,1439
紡織中游,1440
紡織中游,1441
紡織中游,1443
紡織中游,1444
紡織中游,1445
紡織中游,1446
紡織中游,1447
紡織中游,1449
紡織中游,1451
紡織中游,1453
紡織中游,1454
紡織中游,1456
紡織中游,1457
紡織中游,1460
紡織中游,1463
紡織中游,1464
紡織中游,1465
紡織中游,1467
紡織中游,1468
紡織中游,1472
紡織中游,1474
紡織中游,1475
紡織中游,1476
紡織中游,2915
紡織中游,4401
紡織中游,4402
紡織中游,4413
紡織中游,4417
紡織中游,4420
紡織中游,4426
紡織中游,4430
紡織中游,4433
紡織中游,4438
紡織中游,6504
紡織中游,6506
紡織中游,8404
紡織中游,8916
紡織中游,8929
紡織中游,9919
紡織中游,9938
紡織中游,9944
紡織用聚酯粒,1303
紡織用聚酯粒,1402
紡織用聚酯粒,1409
紡織用聚酯粒,1413
紡織用聚酯粒,1440
紡織用聚酯粒,1444
紡織用聚酯粒,1718
茶與咖啡,1233
茶與咖啡,2913
記憶卡,2349
記憶卡,2444
記憶卡,2451
記憶卡,3054
記憶卡,3260
記憶卡,3432
記憶卡,4973
記憶卡,5289
記憶卡,6107
記憶卡,6145
記憶卡,6172
記憶卡,8084
記憶卡,8088
記憶卡,8271
記憶卡,8277
記憶卡,8299
記憶卡,4967
記憶卡,5262
記憶卡,8351
記憶卡IC,3259
記憶卡IC,6485
記憶卡IC,8054
記憶卡IC,8299
配電工程,1504
配電工程,1513
配電工程,1514
配電工程,1519
配電工程,2371
配電工程,4550
配電盤,1503
配電盤,1514
配電盤,1519
配電盤,2371
馬達IC,2436
馬達IC,3288
馬達IC,6138
馬達IC,6233
骨科類器材,4129
高爾夫球桿頭,8924
高爾夫球桿頭,8928
高爾夫球桿頭,8938
高爐水泥,1102
高爐水泥,1108
高爐水泥,1109
高爐水泥,1110
高爐水泥,8463
高爐水泥,9930
乾膜光阻,1717
偏光板,3051
偏光板,4960
偏光板,8215
停車場,1513
健身器材,1515
健身器材,1598
健身器材,1736
健身器材,8427
健身器材,4151
動力手術器具,4138
動力手術器具,8033
動力手術器具,6493
動力手術器具,6539
動物用藥,1701
動物用藥,1720
動物用藥,3705
動物用藥,8279
動物用藥,6479
區域網路,2312
區域網路,2332
區域網路,2345
區域網路,2419
區域網路,2444
區域網路,3027
區域網路,3047
區域網路,3380
區域網路,3596
區域網路,3704
區域網路,4905
區域網路,4906
區域網路,5353
區域網路,5388
區域網路,6142
區域網路,6143
區域網路,6216
區域網路,6241
區域網路,6263
區域網路,8059
商用遊戲機,3064
商用遊戲機,3293
商用遊戲機,4916
商用遊戲機,5263
商用遊戲機,5295
商用遊戲機,6441
商用遊戲機,6536
商業服務/顧問,8437
基礎建設,2515
基礎建設,2516
基礎建設,2535
基礎建設,2543
基礎建設,2546
基礎建設,3703
基礎建設,5516
基礎建設,5521
婚宴顧問,4804
專業代工,2311
專業代工,2312
專業代工,2316
專業代工,2317
專業代工,2324
專業代工,2328
專業代工,2329
專業代工,2352
專業代工,2354
專業代工,2356
專業代工,2382
專業代工,2413
專業代工,2425
專業代工,2443
專業代工,3231
專業代工,4938
專業代工,5469
專業代工,6191
專業代工,6266
專業代工,6278
專業代工,8021
專業代工,8183
專業代工,9105
專業晶圓代工,2303
專業晶圓代工,2330
專業晶圓代工,2342
專業晶圓代工,3707
專業晶圓代工,4919
專業晶圓代工,5305
專業晶圓代工,5347
專業晶圓代工,6287
強酸產品,1727
強酸產品,4739
掃瞄器,2305
掃瞄器,2352
掃瞄器,2380
掃瞄器,4915
掃瞄器,5211
掃瞄器,5438
掃瞄器,6228
掃瞄器,6298
探針、探針卡,6217
探針、探針卡,6223
接取設備,2312
接取設備,2321
接取設備,2332
接取設備,2345
接取設備,2419
接取設備,3027
接取設備,3596
接取設備,3704
接取設備,4905
接取設備,5388
接取設備,6263
接取設備,8034
控股公司,1907
控股公司,2514
控股公司,2905
控股公司,3701
控股公司,3702
控股公司,3703
控股公司,3704
控股公司,3705
控股公司,3706
控股公司,3707
控股公司,4164
控股公司,4943
控股公司,5607
控股公司,5871
控股公司,6803
控股公司,9904
控股公司,2721
控股公司,8122
教育事業,2496
教育事業,6294
教育事業,8437
教育事業,8489
條碼掃描機,3652
條碼掃描機,6160
條鋼,1532
條鋼,1605
條鋼,2002
條鋼,2006
條鋼,2008
條鋼,2010
條鋼,2013
條鋼,2014
條鋼,2015
條鋼,2020
條鋼,2023
條鋼,2024
條鋼,2028
條鋼,2038
條鋼,2064
條鋼,5016
條鋼,6248
條鋼,9958
液晶,4716
液晶電視,1504
液晶電視,1604
液晶電視,1614
液晶電視,2317
液晶電視,2324
液晶電視,2371
液晶電視,2489
液晶電視,3002
液晶電視,3231
液晶電視,4938
液晶電視,5283
混紡紗,1414
混紡紗,1453
烷基苯,1715
烷基苯,1717
烷基苯,1773
烷基苯,4725
烷基苯,1709
烷基苯,1714
球具,8420
球具,8928
球具,8938
球具,9910
球具,9960
瓶用聚酯粒,1303
瓶用聚酯粒,1402
瓶用聚酯粒,1409
瓶用聚酯粒,1440
瓶用聚酯粒,1444
瓶蓋,8411
瓶蓋,9939
產業機械,1580
產業機械,2467
產業機械,3379
產業機械,5007
產業機械,8383
產險,2816
產險,2832
產險,2850
產險,2851
產險,2852
產險,2880
產險,2881
產險,2882
產險,2886
眼鏡,1813
眼鏡,5312
票券,2820
票券,2886
票券,2889
票券,5880
被動元件,2308
被動元件,2375
被動元件,2413
被動元件,2428
被動元件,2456
被動元件,2472
被動元件,2478
被動元件,2484
被動元件,2492
被動元件,3026
被動元件,3042
被動元件,3068
被動元件,3089
被動元件,3090
被動元件,3152
被動元件,3207
被動元件,3221
被動元件,3236
被動元件,3299
被動元件,3313
被動元件,3624
被動元件,5255
被動元件,5317
被動元件,5328
被動元件,5345
被動元件,6127
被動元件,6155
被動元件,6173
被動元件,6174
被動元件,6175
被動元件,6204
被動元件,6207
被動元件,6224
被動元件,6248
被動元件,6284
被動元件,6422
被動元件,6432
被動元件,6449
被動元件,8042
被動元件,8080
被動元件,8121
被動元件,8163
被動元件,8182
被動元件,8289
被動元件,2327
被動元件上游,2472
被動元件上游,3089
被動元件上游,5317
被動元件上游,6127
被動元件上游,6173
被動元件上游,6175
被動元件上游,6207
被動元件上游,8121
設計IP,2401
設計IP,3035
設計IP,3443
設計IP,3661
設計IP,6104
設計IP,6533
設備儀器廠商,1503
設備儀器廠商,1528
設備儀器廠商,1595
設備儀器廠商,2360
設備儀器廠商,2423
設備儀器廠商,2459
設備儀器廠商,2464
設備儀器廠商,2467
設備儀器廠商,2493
設備儀器廠商,3030
設備儀器廠商,3055
設備儀器廠商,3093
設備儀器廠商,3131
設備儀器廠商,3289
設備儀器廠商,3413
設備儀器廠商,3455
設備儀器廠商,3490
設備儀器廠商,3498
設備儀器廠商,3535
設備儀器廠商,3551
設備儀器廠商,3563
設備儀器廠商,3580
設備儀器廠商,3581
設備儀器廠商,3583
設備儀器廠商,3587
設備儀器廠商,3680
設備儀器廠商,4542
設備儀器廠商,5443
設備儀器廠商,5489
設備儀器廠商,5493
設備儀器廠商,6125
設備儀器廠商,6146
設備儀器廠商,6166
設備儀器廠商,6187
設備儀器廠商,6196
設備儀器廠商,6207
設備儀器廠商,6208
設備儀器廠商,6215
設備儀器廠商,6218
設備儀器廠商,6223
設備儀器廠商,6234
設備儀器廠商,6261
設備儀器廠商,6438
設備儀器廠商,6532
設備儀器廠商,8027
設備儀器廠商,8047
設備儀器廠商,8064
設備儀器廠商,8091
設備儀器廠商,8092
設備儀器廠商,8383
設備儀器廠商,3138
設備儀器廠商,3485
設備儀器廠商,3644
設備儀器廠商,4537
設備儀器廠商,4949
設備儀器廠商,5267
設備儀器廠商,5297
設備儀器廠商,6425
設備儀器廠商,6481
設備儀器廠商,6613
設備儀器廠商,6640
貨櫃航運,2603
貨櫃航運,2609
貨櫃航運,2615
貨櫃航運,2617
軟板,2313
軟板,2402
軟板,3037
軟板,3276
軟板,3321
軟板,3390
軟板,4958
軟板,5321
軟板,6153
軟板,6269
軟板,8027
軟板基板,3144
軟板基板,3354
軟板基板,4939
軟板基板,6213
軟板基板,8039
軟體通路/代理,3029
軟體通路/代理,3570
軟體通路/代理,5205
軟體通路/代理,5210
軟體通路/代理,6112
軟體通路/代理,6123
軟體通路/代理,6170
軟體通路/代理,6214
軟體通路/代理,6221
軟體通路/代理,6240
軟體通路/代理,6404
軟體通路/代理,8068
軟體通路/代理,8416
軟體業,2308
軟體業,2371
軟體業,2390
軟體業,2419
軟體業,2427
軟體業,2453
軟體業,2468
軟體業,2471
軟體業,2498
軟體業,3021
軟體業,3029
軟體業,3570
軟體業,3664
軟體業,3687
軟體業,3701
軟體業,4905
軟體業,4953
軟體業,5201
軟體業,5202
軟體業,5203
軟體業,5205
軟體業,5209
軟體業,5210
軟體業,5211
軟體業,5212
軟體業,5263
軟體業,5310
軟體業,5403
軟體業,5410
軟體業,5478
軟體業,6112
軟體業,6123
軟體業,6140
軟體業,6148
軟體業,6163
軟體業,6170
軟體業,6180
軟體業,6183
軟體業,6214
軟體業,6218
軟體業,6221
軟體業,6231
軟體業,6240
軟體業,6404
軟體業,6462
軟體業,6486
軟體業,8044
軟體業,8047
軟體業,8068
軟體業,8099
軟體業,8201
軟體業,8416
軟體業,910861
軟體業,3147
軟體業,3377
軟體業,3674
軟體業,5262
軟體業,6516
軟體業,6529
軟體業,6565
軟體業,6590
軟體業,8122
軟體業,8284
軟體業,8495
通訊通路商,2321
通訊通路商,6136
通訊通路商,6170
通訊電纜,1608
通訊電纜,1609
通訊電纜,1612
通訊電纜,1616
通訊電纜,1618
通訊網路,1402
通訊網路,2301
通訊網路,2308
通訊網路,2312
通訊網路,2314
通訊網路,2321
通訊網路,2332
通訊網路,2345
通訊網路,2356
通訊網路,2382
通訊網路,2412
通訊網路,2413
通訊網路,2419
通訊網路,2444
通訊網路,2465
通訊網路,2485
通訊網路,2492
通訊網路,3025
通訊網路,3027
通訊網路,3045
通訊網路,3047
通訊網路,3062
通訊網路,3088
通訊網路,3152
通訊網路,3306
通訊網路,3322
通訊網路,3380
通訊網路,3419
通訊網路,3431
通訊網路,3491
通訊網路,3499
通訊網路,3520
通訊網路,3558
通訊網路,3596
通訊網路,3632
通訊網路,3652
通訊網路,3664
通訊網路,3682
通訊網路,3684
通訊網路,3694
通訊網路,3704
通訊網路,3706
通訊網路,4904
通訊網路,4905
通訊網路,4906
通訊網路,5353
通訊網路,5388
通訊網路,5450
通訊網路,5490
通訊網路,5491
通訊網路,6109
通訊網路,6142
通訊網路,6143
通訊網路,6152
通訊網路,6172
通訊網路,6216
通訊網路,6241
通訊網路,6263
通訊網路,6264
通訊網路,6284
通訊網路,6285
通訊網路,6417
通訊網路,6419
通訊網路,6462
通訊網路,6465
通訊網路,6470
通訊網路,6514
通訊網路,8034
通訊網路,8059
通訊網路,8097
通訊網路,8176
通訊網路,910482
通訊網路,9105
通訊網路,912000
造紙業,1902
造紙業,1903
造紙業,1904
造紙業,1905
造紙業,1906
造紙業,1907
造紙業,1909
造紙業,6504
造船,2208
連接線材,2328
連接線材,2392
連接線材,2440
連接線材,2462
連接線材,3011
連接線材,3021
連接線材,3023
連接線材,3092
連接線材,3202
連接線材,3322
連接線材,3419
連接線材,3492
連接線材,3501
連接線材,3516
連接線材,3520
連接線材,3550
連接線材,3646
連接線材,3665
連接線材,3684
連接線材,5488
連接線材,5491
連接線材,6115
連接線材,6133
連接線材,6134
連接線材,6156
連接線材,6158
連接線材,6165
連接線材,6190
連接線材,6205
連接線材,6220
連接線材,6290
連接線材,6514
連接線材,8103
連接線材,910482
連接器,1333
連接器,2317
連接器,2328
連接器,2392
連接器,2460
連接器,2483
連接器,3003
連接器,3023
連接器,3217
連接器,3272
連接器,3322
連接器,3338
連接器,3432
連接器,3492
連接器,3511
連接器,3526
連接器,3533
連接器,3605
連接器,3646
連接器,3653
連接器,3665
連接器,3689
連接器,4943
連接器,5398
連接器,5457
連接器,5491
連接器,6126
連接器,6158
連接器,6165
連接器,6185
連接器,6197
連接器,6205
連接器,6279
連接器,6290
連接器,6442
連接器,6514
連接器,8097
連接器,8103
連接器,8147
連接器,910482
連鎖超市,1712
連鎖超市,2905
酚,1101
酚,1326
酚,1709
酚,1718
酚,4725
陳列展覽相關,8479
陶瓷,8930
陶瓷,8942
陸運,2607
陸運,2608
陸運,2611
陸運,2612
陸運,2616
陸運,2642
陸運,2643
陸運,5603
陸運,5604
陸運,8367
博奕相關,4916
博奕相關,2721
博奕相關,6441
博奕相關,6536
嵌入式晶片,2388
嵌入式晶片,3169
嵌入式晶片,3529
嵌入式晶片,6103
嵌入式晶片,6533
嵌入式晶片,8299
嵌入式晶片,4951
散裝航運,1708
散裝航運,2601
散裝航運,2605
散裝航運,2606
散裝航運,2612
散裝航運,2614
散裝航運,2617
散裝航運,2637
散裝航運,2641
散裝航運,5608
散熱風扇馬達,2308
散熱風扇馬達,2421
散熱風扇馬達,3017
散熱風扇馬達,3071
散熱風扇馬達,3226
散熱風扇馬達,3483
散熱風扇馬達,5317
散熱風扇馬達,6275
散熱風扇馬達,6276
散熱風扇馬達,8093
散熱風扇馬達,6591
散熱模組,2308
散熱模組,2354
散熱模組,2421
散熱模組,3017
散熱模組,3071
散熱模組,3324
散熱模組,3325
散熱模組,3338
散熱模組,3483
散熱模組,3512
散熱模組,3533
散熱模組,3540
散熱模組,3653
散熱模組,5465
散熱模組,6124
散熱模組,6230
散熱模組,6275
散熱模組,6276
散熱模組,6495
散熱模組,6555
晶片組,2436
晶片組,3094
晶片組,2379
晶片電阻,2308
晶片電阻,2478
晶片電阻,2492
晶片電阻,3624
晶片電阻,6173
晶片電阻,2327
智慧手錶,2357
智慧手錶,2392
智慧手錶,3431
智慧手錶,4915
智慧手錶,6529
智慧手環,2385
智慧手環,2392
智慧手環,4915
智慧手環,6529
智慧卡相關,6593
智慧卡相關,8351
智慧型手機,2317
智慧型手機,2324
智慧型手機,2353
智慧型手機,2357
智慧型手機,2498
智慧型手機,3231
棉紡,1402
棉紡,1440
棉紡,1441
棉紡,1443
棒鋼,2002
棒鋼,2015
棒鋼,2024
棒鋼,2028
棒鋼,2064
棒鋼,5016
植物工廠,1560
植物工廠,2317
植物工廠,2356
植物工廠,2393
植物工廠,3383
植物工廠,3597
植物新藥,4108
植物新藥,4128
植物新藥,4192
植物新藥,4743
植物新藥,4911
植物新藥,4169
植物新藥,4193
植物新藥,4732
植物新藥,6453
渡假山莊,2614
測試用板卡,3581
測試用板卡,6510
無店舖販售,2614
無店舖販售,2928
無店舖販售,3045
無店舖販售,8454
無塵室工程,2404
無塵室工程,3018
無塵室工程,3402
無塵室工程,5536
無塵室工程,6122
無塵室工程,6139
無塵室工程,6196
無塵室工程,8383
無線充電,2301
無線充電,2308
無線充電,2431
無線充電,2457
無線充電,3015
無線充電,3078
無線充電,3260
無線充電,3296
無線充電,3465
無線充電,3540
無線充電,4915
無線充電,4952
無線充電,4967
無線網路,2332
無線網路,2444
無線網路,2492
無線網路,3152
無線網路,3322
無線網路,3558
無線網路,3596
無線網路,3684
無線網路,3694
無線網路,3704
無線網路,4906
無線網路,5388
無線網路,6109
無線網路,6172
無線網路,6263
無線網路,6285
無線網路,8059
無線網路,8176
無線網路,912000
無線網路IC,2379
無線網路IC,2454
無線網路IC,5272
無線網路IC,6129
無線網路IC,6568
無線網路IC,8040
無線網路IC,3150
無線網路設備系統(WLAN),2301
無線網路設備系統(WLAN),2321
無線網路設備系統(WLAN),2332
無線網路設備系統(WLAN),2345
無線網路設備系統(WLAN),2444
無線網路設備系統(WLAN),3047
無線網路設備系統(WLAN),3062
無線網路設備系統(WLAN),3380
無線網路設備系統(WLAN),3558
無線網路設備系統(WLAN),3596
無線網路設備系統(WLAN),3684
無線網路設備系統(WLAN),3704
無線網路設備系統(WLAN),4906
無線網路設備系統(WLAN),5348
無線網路設備系統(WLAN),5353
無線網路設備系統(WLAN),5388
無線網路設備系統(WLAN),6142
無線網路設備系統(WLAN),6172
無線網路設備系統(WLAN),6216
無線網路設備系統(WLAN),6241
無線網路設備系統(WLAN),6263
無線網路設備系統(WLAN),6285
無線網路設備系統(WLAN),6470
無線網路設備系統(WLAN),8097
無線網路設備系統(WLAN),8176
硝化棉,1724
硬碟相關,1586
硬碟相關,2301
硬碟相關,2312
硬碟相關,2349
硬碟相關,2451
硬碟相關,3054
硬碟相關,3060
硬碟相關,3217
硬碟相關,3260
硬碟相關,3322
硬碟相關,4545
硬碟相關,4973
硬碟相關,5289
硬碟相關,6107
硬碟相關,6188
硬碟相關,8088
硬碟相關,8271
硬碟相關,8431
硬碟相關,9105
程式開關,2420
程式開關,2483
程式開關,6204
窗簾,8464
窗簾,9935
筆記型電腦,2353
筆記型電腦,2357
筆記型電腦,2364
筆記型電腦,2376
筆記型電腦,2377
筆記型電腦,3005
筆記型電腦製造,2317
筆記型電腦製造,2324
筆記型電腦製造,2331
筆記型電腦製造,2356
筆記型電腦製造,2362
筆記型電腦製造,2364
筆記型電腦製造,2382
筆記型電腦製造,2405
筆記型電腦製造,3213
筆記型電腦製造,3231
筆記型電腦製造,4938
虛擬實境,2498
虛擬實境,5203
視訊會議產品,2417
視訊會議產品,3669
視訊轉換相關,2312
視訊轉換相關,2317
視訊轉換相關,2356
視訊轉換相關,2376
視訊轉換相關,2417
視訊轉換相關,2485
視訊轉換相關,3062
視訊轉換相關,3287
視訊轉換相關,3466
視訊轉換相關,3541
視訊轉換相關,3596
視訊轉換相關,4938
視訊轉換相關,5474
視訊轉換相關,6152
視訊轉換相關,6277
視訊轉換相關,6512
視訊轉換相關,8059
視訊轉換相關,910482
視訊轉換相關,9105
診斷與監測用醫材,1604
診斷與監測用醫材,1781
診斷與監測用醫材,1799
診斷與監測用醫材,2305
診斷與監測用醫材,2352
診斷與監測用醫材,2404
診斷與監測用醫材,3019
診斷與監測用醫材,3373
診斷與監測用醫材,4103
診斷與監測用醫材,4121
診斷與監測用醫材,4160
診斷與監測用醫材,4188
診斷與監測用醫材,4198
診斷與監測用醫材,4735
診斷與監測用醫材,4736
診斷與監測用醫材,5443
診斷與監測用醫材,6228
診斷與監測用醫材,8409
診斷與監測用醫材,6445
診斷與監測用醫材,6527
貿易,1516
貿易,2443
貿易,2611
貿易,2614
貿易,2906
貿易,2908
貿易,2913
貿易,2936
貿易,4131
貿易,5902
貿易,8433
貿易,9902
貿易,2939
週邊產品,1504
週邊產品,1586
週邊產品,1711
週邊產品,2301
週邊產品,2305
週邊產品,2312
週邊產品,2349
週邊產品,2352
週邊產品,2356
週邊產品,2365
週邊產品,2376
週邊產品,2380
週邊產品,2385
週邊產品,2387
週邊產品,2420
週邊產品,2444
週邊產品,2451
週邊產品,2468
週邊產品,2495
週邊產品,3022
週邊產品,3054
週邊產品,3057
週邊產品,3060
週邊產品,3217
週邊產品,3226
週邊產品,3260
週邊產品,3272
週邊產品,3287
週邊產品,3322
週邊產品,3432
週邊產品,3494
週邊產品,3504
週邊產品,3540
週邊產品,3611
週邊產品,3617
週邊產品,3652
週邊產品,3693
週邊產品,3706
週邊產品,4545
週邊產品,4915
週邊產品,4973
週邊產品,4987
週邊產品,5211
週邊產品,5215
週邊產品,5289
週邊產品,5304
週邊產品,5309
週邊產品,5438
週邊產品,5443
週邊產品,5450
週邊產品,5465
週邊產品,6103
週邊產品,6107
週邊產品,6128
週邊產品,6145
週邊產品,6161
週邊產品,6172
週邊產品,6188
週邊產品,6228
週邊產品,6277
週邊產品,6298
週邊產品,8084
週邊產品,8088
週邊產品,8093
週邊產品,8163
週邊產品,8271
週邊產品,8277
週邊產品,8299
週邊產品,8410
週邊產品,8416
週邊產品,8431
週邊產品,9105
週邊產品,3184
週邊產品,3349
週邊產品,3659
週邊產品,4741
週邊產品,4967
週邊產品,5262
週邊產品,6418
週邊產品,8351
郵購,2928
郵購,8454
量販店、大賣場,2903
量販店、大賣場,2915
量販店、大賣場,9945
量測儀器,2360
量測儀器,2423
量測儀器,3055
量測儀器,5493
量測儀器,6166
量測儀器,8092
鈦,1584
集線器IC,2379
集線器IC,3014
集線器IC,4919
集線器IC,6104
雲端科技,2308
雲端科技,2453
雲端科技,3029
雲端科技,3057
雲端科技,3085
雲端科技,3171
雲端科技,3664
雲端科技,4953
雲端科技,5203
雲端科技,5209
雲端科技,6214
雲端科技,6221
雲端科技,8099
雲端科技,8409
雲端科技,6565
飯店,1532
飯店,2511
飯店,2514
飯店,2611
飯店,2702
飯店,2704
飯店,2705
飯店,2706
飯店,2707
飯店,2712
飯店,2718
飯店,2722
飯店,2736
飯店,2739
飯店,2748
飯店,3252
飯店,5364
飯店,5531
飯店,5701
飯店,5703
飯店,5704
飯店,5905
飯店,6128
飯店,8077
飯店,2720
飯店,2721
飯店,2730
飯店,2738
飲料相關,1201
飲料相關,1203
飲料相關,1213
飲料相關,1216
飲料相關,1217
飲料相關,1218
飲料相關,1234
飲料相關,1256
傳動系統,1536
傳動系統,1568
傳動系統,2228
傳動系統,4528
傳產其他,1301
傳產其他,1315
傳產其他,1340
傳產其他,1516
傳產其他,1785
傳產其他,1808
傳產其他,1813
傳產其他,2228
傳產其他,2233
傳產其他,2351
傳產其他,2427
傳產其他,2911
傳產其他,2924
傳產其他,2929
傳產其他,3003
傳產其他,3019
傳產其他,3441
傳產其他,3663
傳產其他,3708
傳產其他,4163
傳產其他,4402
傳產其他,4503
傳產其他,4536
傳產其他,4729
傳產其他,4754
傳產其他,5230
傳產其他,5276
傳產其他,5312
傳產其他,5410
傳產其他,6151
傳產其他,6509
傳產其他,6803
傳產其他,8033
傳產其他,8341
傳產其他,8354
傳產其他,8390
傳產其他,8404
傳產其他,8411
傳產其他,8422
傳產其他,8429
傳產其他,8431
傳產其他,8442
傳產其他,8443
傳產其他,8467
傳產其他,8488
傳產其他,8924
傳產其他,8931
傳產其他,8932
傳產其他,8935
傳產其他,8938
傳產其他,8941
傳產其他,8996
傳產其他,912000
傳產其他,9802
傳產其他,9904
傳產其他,9905
傳產其他,9907
傳產其他,9910
傳產其他,9930
傳產其他,9938
傳產其他,9939
傳產其他,9949
傳產其他,9950
傳產其他,9955
傳產其他,4564
傳產其他,4566
傳產其他,6581
傳產其他,6593
傳產其他,8438
傳產其他,8440
傳播事業,2614
傳播事業,2640
傳播事業,3045
傳播事業,3284
傳播事業,4803
傳播事業,4806
傳播事業,6184
傳播事業,6240
傳播事業,6464
傳播事業,8401
傳播事業,8421
傳播事業,8446
傳播事業,8450
傳播事業,8481
傳播事業,8906
傳播事業,8921
傳播事業,8923
傳播事業,910482
傳播事業,910708
傳播事業,9928
傳播事業,9929
傳播事業,9946
傳播事業,3505
傳播事業,6583
傳播事業,6622
傳播事業,6625
傳播事業,8329
傳播事業,8458
傳播事業,8487
傳播事業,8492
傳播事業,8497
傳輸介面,2379
傳輸介面,3034
傳輸介面,3169
傳輸介面,3272
傳輸介面,3533
傳輸介面,4966
傳輸介面,5269
傳輸介面,5289
傳輸介面,5468
傳輸介面,6277
傳輸介面,6512
傳輸介面,8299
園區開發,2841
塑膠加工,1262
塑膠加工,1303
塑膠加工,1305
塑膠加工,1315
塑膠加工,1319
塑膠加工,1321
塑膠加工,1323
塑膠加工,1337
塑膠加工,1339
塑膠加工,1712
塑膠加工,3171
塑膠加工,4304
塑膠加工,4306
塑膠加工,8421
塑膠加工,9935
塑膠皮革,1303
塑膠皮革,1307
塑膠皮革,1321
塑膠皮革,2107
塑膠皮革,4303
塑膠皮革,4305
塑膠皮革,6508
塑膠膜電容器,5328
塑膠機械,6603
塗料,1717
塗料,1726
塗料,4754
微型揚聲器,2439
微型揚聲器,3206
微型電聲元件,4943
感測元件,2428
感測元件,3042
感測元件,3227
感測元件,5305
感測元件,6462
感測元件,8016
新藥研發,1799
新藥研發,3176
新藥研發,4130
新藥研發,4147
新藥研發,4152
新藥研發,4157
新藥研發,4162
新藥研發,4168
新藥研發,4174
新藥研發,4180
新藥研發,4192
新藥研發,4726
新藥研發,6446
新藥研發,6492
新藥研發,6497
新藥研發,6535
新藥研發,8432
新藥研發,1760
新藥研發,4159
新藥研發,4166
新藥研發,4172
新藥研發,4191
新藥研發,4194
新藥研發,4732
新藥研發,6461
新藥研發,6467
新藥研發,6471
新藥研發,6487
新藥研發,6540
新藥研發,6541
新藥研發,6549
新藥研發,6550
新藥研發,6562
新藥研發,6566
新藥研發,6567
新藥研發,6575
新藥研發,6576
新藥研發,6580
新藥研發,6610
新藥研發,6617
新藥研發,6634
準系統,2376
準系統,2377
準系統,2405
準系統,3046
準系統,3693
溶劑,6508
溶劑,6509
溶劑,8354
溶劑,8435
溶劑,1704
滑鼠,2365
滑鼠,2385
滑鼠,2387
滑鼠,3540
滑鼠,4915
滑鼠,5309
滑鼠,8163
滑鼠,3349
煉油,6505
煞車系統,2230
煞車系統,2236
煞車系統,4557
煤化工,1723
照明,1538
照明,1611
照明,2466
照明,3052
照明,3516
照明,4972
照明,5281
照明,911868
資料庫,4953
資訊安全,3520
資訊安全,3558
資訊安全,3664
資訊安全,6419
資訊安全,6462
資訊安全,6416
資訊安全,6590
資產股,1203
資產股,1234
資產股,1314
資產股,1315
資產股,1321
資產股,1402
資產股,1409
資產股,1416
資產股,1419
資產股,1437
資產股,1440
資產股,1503
資產股,1504
資產股,1532
資產股,1614
資產股,1702
資產股,1713
資產股,1722
資產股,1902
資產股,1903
資產股,2101
資產股,2102
資產股,2107
資產股,2201
資產股,2206
資產股,2362
資產股,2371
資產股,2504
資產股,2607
資產股,2705
資產股,2901
資產股,2913
資產股,9902
資產管理,2880
資產管理,2881
資產管理,2882
資產管理,2885
資產管理,2886
資產管理,2887
資產管理,2890
資產管理,2891
資產管理,2892
資產管理,5880
農林漁牧,1210
農林漁牧,1215
農林漁牧,1216
農林漁牧,1218
農林漁牧,1219
農林漁牧,1220
農林漁牧,1225
農林漁牧,1233
農林漁牧,1235
農林漁牧,1258
農林漁牧,2913
農林漁牧,1240
農林漁牧,6578
農林漁牧,8465
農產品種植,1233
農產品種植,2913
農產品製品,1232
農業生技,2913
農業生技,4109
農業生技,4148
農業生技,4161
農業生技,4171
農業生技,8279
農業生技,6534
農業生技,6578
農業生技,7421
農業生技,8496
農藥,1709
農藥,1712
農藥,4141
農藥,6508
遊戲產業,2317
遊戲產業,2354
遊戲產業,2357
遊戲產業,2365
遊戲產業,2392
遊戲產業,3064
遊戲產業,3083
遊戲產業,3086
遊戲產業,3293
遊戲產業,3540
遊戲產業,3546
遊戲產業,3687
遊戲產業,4916
遊戲產業,4938
遊戲產業,4946
遊戲產業,4994
遊戲產業,5263
遊戲產業,5309
遊戲產業,5478
遊戲產業,6111
遊戲產業,6169
遊戲產業,6180
遊戲產業,6404
遊戲產業,6482
遊戲產業,6542
遊戲產業,5286
遊戲產業,5295
遊戲產業,6428
遊戲產業,6441
遊戲產業,6468
遊戲產業,6473
遊戲產業,6536
遊戲產業,6611
遊戲產業,6626
遊戲產業,8491
遊戲機,2317
遊戲機,2354
遊戲機,2357
遊戲機,2365
遊戲機,2392
遊戲機,4938
遊戲機,5309
運動用品,8442
運動用品,9910
運動產業,1515
運動產業,1598
運動產業,1736
運動產業,4536
運動產業,8420
運動產業,8427
運動產業,8442
運動產業,8924
運動產業,8928
運動產業,8938
運動產業,9910
運動產業,9960
運動產業,4151
運動鞋,9910
運輸事業,1103
運輸事業,1443
運輸事業,1708
運輸事業,2107
運輸事業,2443
運輸事業,2504
運輸事業,2601
運輸事業,2603
運輸事業,2605
運輸事業,2606
運輸事業,2607
運輸事業,2608
運輸事業,2609
運輸事業,2610
運輸事業,2611
運輸事業,2612
運輸事業,2613
運輸事業,2614
運輸事業,2615
運輸事業,2616
運輸事業,2617
運輸事業,2618
運輸事業,2633
運輸事業,2636
運輸事業,2637
運輸事業,2640
運輸事業,2641
運輸事業,2642
運輸事業,2643
運輸事業,3024
運輸事業,5601
運輸事業,5603
運輸事業,5604
運輸事業,5607
運輸事業,5608
運輸事業,5609
運輸事業,8905
運輸事業,910861
運輸事業,8367
釉料,1809
鉛,9927
鉭質電解電容,3026
雷射鑽孔機、鑽頭,1528
雷射鑽孔機、鑽頭,2406
雷射鑽孔機、鑽頭,3167
雷射鑽孔機、鑽頭,4526
雷射鑽孔機、鑽頭,5498
雷射鑽孔機、鑽頭,6234
雷射鑽孔機、鑽頭,6609
雷射鑽孔機、鑽頭,8021
雷射鑽孔機、鑽頭,1585
電力,1101
電力,1102
電力,1312
電力,3691
電力,4924
電力,6477
電力,6505
電力,8926
電力,8931
電力設備,8916
電力設備,1434
電力設備,1468
電力設備,1474
電力設備,1503
電力設備,1504
電力設備,1513
電力設備,1514
電力設備,1519
電力設備,1537
電力設備,1593
電力設備,2308
電力設備,2371
電力設備,2457
電力設備,3002
電力設備,3058
電力設備,3426
電力設備,4523
電力設備,4532
電力電纜,1603
電力電纜,1605
電力電纜,1608
電力電纜,1609
電力電纜,1612
電力電纜,1615
電力電纜,1616
電力電纜,1618
電子化工材料,1704
電子化工材料,1711
電子化工材料,1717
電子化工材料,1724
電子化工材料,1785
電子化工材料,2406
電子化工材料,3131
電子化工材料,3303
電子化工材料,3663
電子化工材料,4119
電子化工材料,4716
電子化工材料,4755
電子化工材料,5234
電子化工材料,6509
電子支付,3687
電子支付,5478
電子支付,6180
電子支付,6214
電子支付,8044
電子支付,6590
電子其他,2380
電子其他,2404
電子其他,2433
電子其他,2461
電子其他,3005
電子其他,3018
電子其他,3303
電子其他,3402
電子其他,4304
電子其他,4720
電子其他,4915
電子其他,5438
電子其他,5536
電子其他,6122
電子其他,6139
電子其他,6196
電子其他,6298
電子其他,6538
電子其他,8383
電子其他,8431
電子其他,6593
電子其他,8351
電子計算機,2312
電子計算機,9105
電子書閱讀器,2317
電子書閱讀器,2352
電子書閱讀器,4938
電子書閱讀器,6143
電子書閱讀器,6225
電子書閱讀器,9105
電子紙,8069
電子商務,2614
電子商務,2734
電子商務,2928
電子商務,3045
電子商務,3085
電子商務,4965
電子商務,5287
電子商務,6136
電子商務,6183
電子商務,8044
電子商務,8454
電子商務,8472
電子商務,8477
電子商務,9960
電子商務,2738
電子商務,3505
電子商務,8479
電子通路,2321
電子通路,2331
電子通路,2347
電子通路,2359
電子通路,2362
電子通路,2371
電子通路,2392
電子通路,2414
電子通路,2430
電子通路,2436
電子通路,2450
電子通路,2459
電子通路,2493
電子通路,2937
電子通路,3010
電子通路,3026
電子通路,3028
電子通路,3033
電子通路,3036
電子通路,3048
電子通路,3090
電子通路,3114
電子通路,3188
電子通路,3209
電子通路,3213
電子通路,3224
電子通路,3232
電子通路,3312
電子通路,3313
電子通路,3315
電子通路,3360
電子通路,3388
電子通路,3426
電子通路,3444
電子通路,3528
電子通路,3537
電子通路,3702
電子通路,3709
電子通路,5345
電子通路,5386
電子通路,5434
電子通路,5452
電子通路,6113
電子通路,6114
電子通路,6118
電子通路,6123
電子通路,6136
電子通路,6144
電子通路,6145
電子通路,6148
電子通路,6154
電子通路,6170
電子通路,6189
電子通路,6227
電子通路,6238
電子通路,6259
電子通路,6265
電子通路,6270
電子通路,6281
電子通路,8032
電子通路,8043
電子通路,8067
電子通路,8068
電子通路,8070
電子通路,8071
電子通路,8074
電子通路,8080
電子通路,8084
電子通路,8091
電子通路,8096
電子通路,8112
電子通路,8182
電子通路,8455
電子通路,3138
電子通路,3147
電子通路,3429
電子通路,3597
電子通路,4980
電子通路,5262
電子零件元件,1333
電子零件元件,1336
電子零件元件,1471
電子零件元件,1569
電子零件元件,1582
電子零件元件,1586
電子零件元件,2059
電子零件元件,2104
電子零件元件,2301
電子零件元件,2308
電子零件元件,2317
電子零件元件,2328
電子零件元件,2349
電子零件元件,2354
電子零件元件,2365
電子零件元件,2385
電子零件元件,2392
電子零件元件,2413
電子零件元件,2415
電子零件元件,2420
電子零件元件,2421
電子零件元件,2425
電子零件元件,2431
電子零件元件,2439
電子零件元件,2440
電子零件元件,2451
電子零件元件,2457
電子零件元件,2459
電子零件元件,2460
電子零件元件,2462
電子零件元件,2466
電子零件元件,2474
電子零件元件,2476
電子零件元件,2477
電子零件元件,2483
電子零件元件,2488
電子零件元件,2489
電子零件元件,3002
電子零件元件,3003
電子零件元件,3005
電子零件元件,3011
電子零件元件,3013
電子零件元件,3015
電子零件元件,3017
電子零件元件,3021
電子零件元件,3023
電子零件元件,3027
電子零件元件,3032
電子零件元件,3043
電子零件元件,3046
電子零件元件,3054
電子零件元件,3058
電子零件元件,3060
電子零件元件,3071
電子零件元件,3078
電子零件元件,3092
電子零件元件,3095
電子零件元件,3162
電子零件元件,3191
電子零件元件,3202
電子零件元件,3207
電子零件元件,3211
電子零件元件,3217
電子零件元件,3226
電子零件元件,3230
電子零件元件,3260
電子零件元件,3272
電子零件元件,3285
電子零件元件,3287
電子零件元件,3290
電子零件元件,3294
電子零件元件,3296
電子零件元件,3308
電子零件元件,3310
電子零件元件,3311
電子零件元件,3322
電子零件元件,3323
電子零件元件,3324
電子零件元件,3325
電子零件元件,3332
電子零件元件,3338
電子零件元件,3376
電子零件元件,3419
電子零件元件,3432
電子零件元件,3465
電子零件元件,3483
電子零件元件,3484
電子零件元件,3492
電子零件元件,3501
電子零件元件,3508
電子零件元件,3511
電子零件元件,3512
電子零件元件,3516
電子零件元件,3518
電子零件元件,3520
電子零件元件,3526
電子零件元件,3533
電子零件元件,3540
電子零件元件,3548
電子零件元件,3550
電子零件元件,3593
電子零件元件,3605
電子零件元件,3607
電子零件元件,3609
電子零件元件,3617
電子零件元件,3625
電子零件元件,3628
電子零件元件,3646
電子零件元件,3653
電子零件元件,3665
電子零件元件,3679
電子零件元件,3684
電子零件元件,3689
電子零件元件,3693
電子零件元件,4545
電子零件元件,4729
電子零件元件,4912
電子零件元件,4915
電子零件元件,4924
電子零件元件,4935
電子零件元件,4942
電子零件元件,4943
電子零件元件,4952
電子零件元件,4973
電子零件元件,4999
電子零件元件,5225
電子零件元件,5243
電子零件元件,5264
電子零件元件,5284
電子零件元件,5289
電子零件元件,5309
電子零件元件,5317
電子零件元件,5356
電子零件元件,5383
電子零件元件,5386
電子零件元件,5392
電子零件元件,5398
電子零件元件,5426
電子零件元件,5450
電子零件元件,5457
電子零件元件,5460
電子零件元件,5465
電子零件元件,5488
電子零件元件,5491
電子零件元件,6107
電子零件元件,6109
電子零件元件,6115
電子零件元件,6117
電子零件元件,6121
電子零件元件,6124
電子零件元件,6126
電子零件元件,6133
電子零件元件,6134
電子零件元件,6145
電子零件元件,6155
電子零件元件,6156
電子零件元件,6158
電子零件元件,6165
電子零件元件,6185
電子零件元件,6190
電子零件元件,6197
電子零件元件,6201
電子零件元件,6203
電子零件元件,6204
電子零件元件,6205
電子零件元件,6220
電子零件元件,6230
電子零件元件,6235
電子零件元件,6246
電子零件元件,6247
電子零件元件,6275
電子零件元件,6276
電子零件元件,6279
電子零件元件,6282
電子零件元件,6290
電子零件元件,6292
電子零件元件,6409
電子零件元件,6412
電子零件元件,6442
電子零件元件,6514
電子零件元件,8033
電子零件元件,8038
電子零件元件,8071
電子零件元件,8085
電子零件元件,8088
電子零件元件,8093
電子零件元件,8097
電子零件元件,8103
電子零件元件,8109
電子零件元件,8131
電子零件元件,8147
電子零件元件,8163
電子零件元件,8171
電子零件元件,8210
電子零件元件,8271
電子零件元件,8277
電子零件元件,8287
電子零件元件,8410
電子零件元件,910482
電子零件元件,9136
電子零件元件,9188
電子零件元件,2327
電子線,1615
電子線,3665
電子錶,1593
電冰箱,6275
電冰箱,1504
電冰箱,1604
電冰箱,1614
電冰箱,1504
電冰箱,1604
電冰箱,1614
電池材料相關,1723
電池材料相關,4721
電池材料相關,4739
電池材料相關,5227
電池材料相關,6196
電池材料相關,6509
電池材料相關,8038
電池保護IC,5468
電池相關,2104
電池相關,2349
電池相關,2392
電池相關,2431
電池相關,2439
電池相關,3015
電池相關,3211
電池相關,3323
電池相關,3625
電池相關,6121
電池相關,8038
電池相關,8171
電阻,2428
電阻,3624
電阻,6204
電阻,6224
電阻,6284
電阻,6422
電信設備,2314
電信設備,2321
電信設備,2419
電信設備,2485
電信設備,3025
電信設備,3704
電信設備,4906
電信設備,5353
電信設備,8034
電信數據服務,1402
電信數據服務,2412
電信數據服務,3045
電信數據服務,3682
電信數據服務,4904
電容,2492
電容,3026
電容,3090
電容,3152
電容,3313
電容,5317
電容,5345
電容,6284
電容,6449
電容,8042
電容,8080
電容,8163
電容,2327
電氣自控設備,1513
電氣自控設備,2371
電氣開關設備,1503
電氣開關設備,1513
電氣開關設備,2371
電動代步車,1536
電梯,1507
電梯,4506
電晶體,2340
電晶體,2426
電晶體,2434
電晶體,2481
電晶體,3257
電晶體,3317
電晶體,5425
電晶體,6435
電晶體,8261
電晶體,4923
電晶體,5299
電晶體,6545
電視台,8450
電視台,9928
電視台,8329
電視機,5309
電視機,6107
電視機,6201
電視購物,2614
電視購物,3045
電視購物,8454
電感,2308
電感,2413
電感,2456
電感,3068
電感,3152
電感,3207
電感,3236
電感,3624
電感,5255
電感,6155
電感,6248
電感,6284
電感,6432
電感,8163
電源供應器,1471
電源供應器,2301
電源供應器,2308
電源供應器,2385
電源供應器,2413
電源供應器,2420
電源供應器,2425
電源供應器,2431
電源供應器,2457
電源供應器,3002
電源供應器,3015
電源供應器,3027
電源供應器,3032
電源供應器,3058
電源供應器,3078
電源供應器,3226
電源供應器,3296
電源供應器,3308
電源供應器,3325
電源供應器,3332
電源供應器,3501
電源供應器,3540
電源供應器,3609
電源供應器,3617
電源供應器,5309
電源供應器,5450
電源供應器,6107
電源供應器,6109
電源供應器,6203
電源供應器,6247
電源供應器,6276
電源供應器,6282
電源供應器,6292
電源供應器,6412
電源供應器,8093
電源供應器,8097
電源供應器,8109
電源供應器,8163
電源供應器,8171
電源供應器,8287
電腦系統業,2301
電腦系統業,2311
電腦系統業,2312
電腦系統業,2316
電腦系統業,2317
電腦系統業,2324
電腦系統業,2328
電腦系統業,2329
電腦系統業,2331
電腦系統業,2352
電腦系統業,2353
電腦系統業,2354
電腦系統業,2356
電腦系統業,2357
電腦系統業,2362
電腦系統業,2364
電腦系統業,2376
電腦系統業,2377
電腦系統業,2382
電腦系統業,2395
電腦系統業,2397
電腦系統業,2399
電腦系統業,2405
電腦系統業,2413
電腦系統業,2425
電腦系統業,2443
電腦系統業,2465
電腦系統業,3005
電腦系統業,3022
電腦系統業,3046
電腦系統業,3088
電腦系統業,3213
電腦系統業,3231
電腦系統業,3416
電腦系統業,3434
電腦系統業,3479
電腦系統業,3515
電腦系統業,3521
電腦系統業,3564
電腦系統業,3577
電腦系統業,3594
電腦系統業,3611
電腦系統業,3652
電腦系統業,3693
電腦系統業,3701
電腦系統業,3706
電腦系統業,4153
電腦系統業,4503
電腦系統業,4916
電腦系統業,4938
電腦系統業,4995
電腦系統業,5258
電腦系統業,5353
電腦系統業,5386
電腦系統業,5469
電腦系統業,5490
電腦系統業,6105
電腦系統業,6143
電腦系統業,6150
電腦系統業,6160
電腦系統業,6161
電腦系統業,6166
電腦系統業,6191
電腦系統業,6206
電腦系統業,6222
電腦系統業,6245
電腦系統業,6266
電腦系統業,6278
電腦系統業,6414
電腦系統業,6569
電腦系統業,6577
電腦系統業,6579
電腦系統業,8021
電腦系統業,8050
電腦系統業,8076
電腦系統業,8114
電腦系統業,8183
電腦系統業,8234
電腦系統業,9105
電腦系統業,3097
電腦系統業,6416
電腦系統業,6536
電腦系統業,6570
電腦系統業,6638
電腦系統業,8119
電腦通路商,2331
電腦通路商,2359
電腦通路商,2362
電腦通路商,2414
電腦通路商,3033
電腦通路商,3213
電腦通路商,3709
電腦通路商,6118
電腦通路商,6148
電腦通路商,8067
電腦通路商,8068
電腦通路商,3147
電話/傳真機,6264
電話/傳真機,9105
電影院/劇院,2701
電影院/劇院,2901
電線電纜,1603
電線電纜,1605
電線電纜,1608
電線電纜,1609
電線電纜,1612
電線電纜,1615
電線電纜,1616
電線電纜,1617
電線電纜,1618
電線電纜,2061
電線電纜,2371
電線電纜,2440
電線電纜,3665
電線電纜,6603
電器零件設備,1503
電器零件設備,1514
電器零件設備,3426
電器銷售,2430
電器銷售,2937
電器銷售,3024
電器銷售,6281
電機,6215
電機,6282
電機,8374
電機,1537
電機,1503
電機,1504
電機,1513
電機,2371
電機,4523
電機,6215
電機,8374
電聲產品,2365
電聲產品,2392
電聲產品,2439
電聲產品,3206
電聲產品,3540
電聲產品,4915
電聲產品,4943
電聲產品,5225
電聲產品,6143
電聲產品,6276
電聲產品,8163
電聲產品,9105
電聲產品,3349
電聲產品,5294
預拌水泥土,1101
預拌水泥土,1102
預拌水泥土,1104
預拌水泥土,1108
預拌水泥土,1109
預拌水泥土,1712
預拌水泥土,2504
預拌水泥土,2543
預拌水泥土,5515
預拌水泥土,5520
飼料,1210
飼料,1215
飼料,1216
飼料,1218
飼料,1219
飼料,1220
飼料,1225
飼料,1235
飼料,1240
飼料,6578
墓園經營,5530
墓園經營,6199
壽險,2823
壽險,2851
壽險,2867
壽險,2881
壽險,2882
壽險,2887
壽險,2888
壽險,2891
壽險,2892
壽險,2905
壽險,5880
壽險,5859
寢具,1402
寢具,1416
寢具,6195
寢具,8916
寢具,9944
?葬服務,5530
漁網,4417
漆包線,1609
漆包線,1617
漆包線,2061
漆包線,6603
碟片預錄,2491
碟片預錄,3050
碟片預錄,8071
碟片預錄,8087
碳煙,2104
磁性材料,2327
磁性材料,6155
磁碟陣列控制器,2495
磁碟陣列控制器,3057
福祉輔助設備,4106
精品,5301
精品,8442
綜合,2915
維生素,4747
維生素,6446
維生素,1780
網路卡IC,2379
網路交換器,2332
網路交換器,2345
網路交換器,3380
網路交換器,6216
網路交換器,6241
網路交換器,6263
網路通訊IC,2388
網路通訊IC,2454
網路通訊IC,3094
網路通訊IC,3169
網路通訊IC,3228
網路通訊IC,3034
網路電話(VOIP),2413
網路電話(VOIP),6264
聚丙烯纖維,1472
聚酯加工絲,1402
聚酯加工絲,1413
聚酯加工絲,1440
聚酯加工絲,1444
聚酯加工絲,1445
聚酯加工絲,1452
聚酯加工絲,1454
聚酯加工絲,1455
聚酯加工絲,1457
聚酯加工絲,1459
聚酯加工絲,1460
聚酯加工絲,1466
聚酯加工絲,1718
聚酯加工絲,4406
聚酯加工絲,4420
聚酯紗,1444
聚酯紗,4401
聚酯棉,1303
聚酯棉,1402
聚酯棉,1409
聚酯棉,1440
聚酯絲,1303
聚酯絲,1402
聚酯絲,1409
聚酯絲,1413
聚酯絲,1440
聚酯絲,1444
聚酯絲,1457
聚酯絲,1718
蓄電池相關,4550
裸銅線,1605
裸銅線,1608
裸銅線,1609
裸銅線,1612
裸銅線,1615
裸銅線,1616
裸銅線,2440
製糖,1220
製糖,1709
製糖,4207
製罐,8411
製罐,8488
製罐,9905
製罐,9907
製鹽,1737
語音辨識,5211
輔助與彌補用醫材,1536
輔助與彌補用醫材,1565
輔助與彌補用醫材,1598
輔助與彌補用醫材,1737
輔助與彌補用醫材,1752
輔助與彌補用醫材,1783
輔助與彌補用醫材,1786
輔助與彌補用醫材,4106
輔助與彌補用醫材,4129
輔助與彌補用醫材,4163
輔助與彌補用醫材,4728
輔助與彌補用醫材,8071
輔助與彌補用醫材,8215
輔助與彌補用醫材,8406
輔助與彌補用醫材,4150
輔助與彌補用醫材,4177
輔助與彌補用醫材,4194
輔助與彌補用醫材,6491
輔助與彌補用醫材,6539
輔助與彌補用醫材,6612
輔助與彌補用醫材,6649
輕鋼架,1802
輕鋼架,3149
輕鋼架,1805
輕鋼架,1806
輕鋼架,8930
銀行,2801
銀行,2809
銀行,2812
銀行,2834
銀行,2836
銀行,2838
銀行,2845
銀行,2849
銀行,2880
銀行,2881
銀行,2882
銀行,2883
銀行,2884
銀行,2885
銀行,2886
銀行,2887
銀行,2888
銀行,2890
銀行,2891
銀行,2892
銀行,2897
銀行,5820
銀行,5880
銀行,5863
銀行,5876
銅,2009
銅,5285
銅箔,1704
銅箔,8358
銅箔,4989
銅箔基板,1303
銅箔基板,1612
銅箔基板,2383
銅箔基板,5381
銅箔基板,6213
銅箔基板,6274
?形眼鏡,1565
?形眼鏡,8071
?形眼鏡,8215
?形眼鏡,8406
?形眼鏡,4150
?形眼鏡,4177
?形眼鏡,6491
儀錶板,1319
廚具,1810
廚具,4950
廚具,6195
廚具,9911
廚具,9934
廣告,2614
廣告,2640
廣告,4803
廣告,3505
廣告,6622
廣告,8497
影音IC,2379
影音IC,3006
影音IC,3014
影音IC,3041
影音IC,3059
影音IC,3073
影音IC,3259
影音IC,3268
影音IC,3556
影音IC,4919
影音IC,4952
影音IC,5274
影音IC,5302
影音IC,5314
影音IC,5471
影音IC,6103
影音IC,6129
影音IC,6138
影音IC,6198
影音IC,6237
影音IC,6494
影音IC,6594
影音IC,8024
影音通路商,6144
影視,2614
影視,4803
影視,4806
影視,8446
影視,9946
影視,6583
影視,6622
影視,6625
影視,8458
影視,8492
影像感測元件,3019
影像感測元件,3360
影像感測元件,4974
影像感測元件,5305
影像感測元件,8249
影像感測元件,3659
影像感測元件,5248
播放機,2451
播放機,3024
數位內容,8044
數位內容,8489
數位內容,3505
數位內容,4802
數位內容,8487
數位相框,3024
數位相框,6225
數位相機,2317
數位相機,2365
數位相機,2374
數位相機,2385
數位相機,3008
數位相機,3019
數位相機,3059
數位相機,3360
數位相機,3362
數位相機,3406
數位相機,3428
數位相機,3441
數位相機,3630
數位相機,4974
數位相機,4976
數位相機,5305
數位相機,6209
數位相機,6225
數位相機,6298
數位相機,6431
數位相機,8249
數位相機,3659
數位相機,5248
數位相機,6498
數位相機組裝,2317
數位相機組裝,2365
數位相機組裝,2374
數位相機組裝,2385
數位相機組裝,3019
數位相機組裝,3059
數位相機組裝,4976
數位相機組裝,6225
數位相機組裝,6298
數位看板,2388
數位看板,3046
數位看板,3088
數位看板,3356
數位看板,3416
數位看板,4995
數位看板,5438
數位看板,8050
數位電視,2417
數位電視,3024
數位電視,3287
數位電視,6152
數位電視IC,2379
數位電視IC,2454
數位電視IC,3014
數位電視IC,3034
數據機,2419
數據機,2444
數據機,3027
數據機,4905
數據機,8059
樞紐,1582
樞紐,3376
樞紐,3548
樞紐,4999
模具,1336
模具,1512
模具,1521
模具,1524
模具,1582
模具,2476
模具,3013
模具,3290
模具,3294
模具,3490
模具,3607
模具,3679
模具,3685
模具,4530
模具,4912
模具,4924
模具,5007
模具,5243
模具,5383
模具,5460
模具,8092
模具,8147
模具沖壓,1336
模具沖壓,1569
模具沖壓,1586
模具沖壓,2415
模具沖壓,2459
模具沖壓,2476
模具沖壓,2483
模具沖壓,3005
模具沖壓,3013
模具沖壓,3060
模具沖壓,3095
模具沖壓,3230
模具沖壓,3290
模具沖壓,3294
模具沖壓,3310
模具沖壓,3376
模具沖壓,3548
模具沖壓,3593
模具沖壓,3607
模具沖壓,3646
模具沖壓,3653
模具沖壓,3679
模具沖壓,4545
模具沖壓,4912
模具沖壓,4924
模具沖壓,4935
模具沖壓,4942
模具沖壓,4999
模具沖壓,5243
模具沖壓,5264
模具沖壓,5284
模具沖壓,5356
模具沖壓,5383
模具沖壓,5392
模具沖壓,5460
模具沖壓,6235
模具沖壓,8071
模具沖壓,8210
模具沖壓,9188
熱可塑橡膠,1704
熱軋鋼捲,2002
熱軋鋼捲,2008
熱軋鋼捲,2014
熱敏電阻,2428
熱敏電阻,2478
熱敏電阻,6224
熱敏電阻,6422
熱熔膠,4720
熱導管,3017
熱導管,3338
熱導管,3483
熱導管,6124
熱導管,6230
磊晶,3016
磊晶,3707
穀類烘培,1201
穀類烘培,1216
穀類烘培,1227
穀類烘培,1264
穀類烘培,2723
穀類烘培,3164
線材盤元,1591
線材盤元,2002
線材盤元,2007
線材盤元,2012
線材盤元,2017
線材盤元,2022
線材盤元,2023
線材盤元,2024
線材盤元,2027
線材盤元,2033
線材盤元,2063
線材盤元,2064
線材盤元,2065
線材盤元,2066
線材盤元,3004
線材盤元,5007
線材盤元,5011
線材盤元,5013
線材盤元,5016
線材盤元,8349
線材盤元,8415
膠帶,1324
膠帶,1715
膠帶,3171
膠帶,3303
膠帶,4304
膠帶,4306
膠帶,8354
衛生清潔用品,1701
衛生清潔用品,1730
衛生清潔用品,1732
衛生清潔用品,1907
衛生清潔用品,3164
衛生清潔用品,4707
衛星導航,2356
衛星導航,2382
衛星導航,2465
衛星導航,3306
衛星導航,3431
衛星導航,3499
衛星導航,3632
衛星導航,3706
衛星導航,5348
衛星導航,6465
衛星導航,9105
衛星導航,3674
衛浴設備,1810
衛浴設備,1817
衛浴設備,2062
衛浴設備,9934
複合材料,1301
複合材料,3708
複合材料,4536
複合材料,6151
複合材料,8467
複合材料,8924
複合材料,8935
複合材料,8938
複合版,8424
複合版,8444
複合版,8466
複合版,8930
複合版,8942
調味品,1201
調味品,1203
調味品,1216
輪胎,2101
輪胎,2102
輪胎,2105
輪胎,2106
輪胎,2109
輪胎,5102
輪圈,2115
輪圈,4502
鋁質電解電容,2375
鋁質電解電容,2472
鋁質電解電容,3090
鋁質電解電容,5317
鋁質電解電容,8042
鋁質電解電容,8080
鋁擠型,2358
鋁擠型,4543
鋅,1713
鞋材,1340
鞋材,8404
鞋材,8935
鞋材,9802
鞋材,9904
鞋材,9910
鞋材,9938
鞋業,8429
鞋業,8443
鞋業,9904
鞋業,9910
導電玻璃,3149
導電玻璃,3615
導線架,2351
導線架,2460
導線架,2483
導線架,2486
導線架,3310
導線架,3653
導線架,5285
導線架,5383
導線架,6548
機車,1599
機車,2204
機車,2206
機車,2236
機車,4528
機車,5276
機車零組件,1599
機車零組件,2204
機車零組件,2206
機車零組件,8937
機械,1336
機械,1504
機械,1512
機械,1513
機械,1515
機械,1517
機械,1521
機械,1524
機械,1526
機械,1527
機械,1528
機械,1530
機械,1531
機械,1532
機械,1533
機械,1536
機械,1538
機械,1539
機械,1540
機械,1541
機械,1558
機械,1560
機械,1566
機械,1568
機械,1570
機械,1580
機械,1582
機械,1583
機械,1589
機械,1590
機械,1597
機械,2049
機械,2067
機械,2208
機械,2233
機械,2236
機械,2308
機械,2317
機械,2365
機械,2371
機械,2464
機械,2467
機械,2476
機械,2634
機械,3013
機械,3162
機械,3167
機械,3290
機械,3294
機械,3379
機械,3490
機械,3607
機械,3679
機械,3685
機械,4510
機械,4513
機械,4523
機械,4526
機械,4527
機械,4528
機械,4530
機械,4532
機械,4533
機械,4534
機械,4541
機械,4549
機械,4551
機械,4552
機械,4555
機械,4560
機械,4912
機械,4916
機械,4924
機械,5007
機械,5243
機械,5306
機械,5383
機械,5392
機械,5443
機械,5460
機械,6125
機械,6166
機械,6192
機械,6215
機械,6222
機械,6414
機械,6603
機械,6609
機械,8083
機械,8092
機械,8147
機械,8222
機械,8374
機械,8383
機械,8418
機械,8421
機械,8924
機械,8938
機械,912000
機械,9914
機械,9921
機械,9951
機械零組件,1532
機械零組件,1536
機械零組件,1560
機械零組件,1566
機械零組件,1568
機械零組件,1589
機械零組件,1590
機械零組件,1597
機械零組件,2049
機械零組件,2067
機械零組件,2233
機械零組件,4528
機械零組件,4534
機械零組件,4541
機械零組件,4551
機械零組件,4555
機械零組件,4560
機械零組件,5392
機械零組件,6215
機械零組件,8083
機械零組件,8374
機殼,1471
機殼,1569
機殼,2301
機殼,2425
機殼,2474
機殼,3005
機殼,3013
機殼,3017
機殼,3032
機殼,3046
機殼,3226
機殼,3325
機殼,3540
機殼,3693
機殼,4729
機殼,5264
機殼,5392
機殼,5426
機殼,5465
機殼,6117
機殼,6276
機殼,8093
機殼,8147
機殼,8210
機殼,8410
機殼,9136
機殼表面處理,3095
機殼表面處理,3508
機殼表面處理,3516
機殼表面處理,3518
機殼表面處理,3607
機殼表面處理,4924
機殼表面處理,5243
機殼表面處理,8410
機器人,1504
機器人,2049
機器人,2308
機器人,2317
機器人,2365
機器人,2464
機器人,4523
機器人,5443
機器人,6125
機器人,6166
橡膠工業,1704
橡膠工業,2101
橡膠工業,2102
橡膠工業,2103
橡膠工業,2104
橡膠工業,2105
橡膠工業,2106
橡膠工業,2107
橡膠工業,2108
橡膠工業,2109
橡膠工業,2114
橡膠工業,3642
橡膠工業,5102
橡膠工業,6582
橡膠工業,8423
橡膠工業,9942
橡膠製品,2105
橡膠製品,2106
橡膠製品,2107
橡膠製品,2109
橡膠製品,2114
橡膠製品,3642
橡膠製品,5102
橡膠製品,9942
燒錄機,2301
燒錄機,6188
磨粉製品,1232
輸配電設備,1513
輸配電設備,6282
辦公用品設備,2380
辦公用品設備,4915
鋼板,2002
鋼板,2006
鋼胚,2002
鋼胚,2028
鋼胚,2038
鋼剪裁加工,2010
鋼剪裁加工,2020
鋼剪裁加工,2031
鋼筋,1532
鋼筋,2006
鋼筋,2015
鋼筋,2028
鋼筋,2038
鋼筋,6248
鋼結構,2010
鋼結構,2013
鋼結構,2023
鋼結構,9958
鋼管,1605
鋼管,2008
鋼管,2014
鋼管,2020
鋼管,2023
餐飲,1233
餐飲,1259
餐飲,1702
餐飲,1708
餐飲,2723
餐飲,2726
餐飲,2727
餐飲,2729
餐飲,2732
餐飲,2740
餐飲,2905
餐飲,2910
餐飲,2926
餐飲,4804
餐飲,8940
餐飲,1268
餐飲,1269
餐飲,2733
餐飲,2738
餐飲,2741
龍門機,1530
龍門機,1540
龍門機,4510
龍門機,4513
龍門機,4526
儲存設備,2495
儲存設備,3693
儲存設備,3706
儲存設備,8277
壓敏電阻,6422
壓縮機,4532
壓縮機,4552
嬰童用品,2911
嬰童用品,2924
嬰童用品,2929
嬰童用品,5276
幫浦,4532
應用軟體,2471
應用軟體,5203
應用軟體,5205
應用軟體,5211
應用軟體,6404
應用軟體,6462
應用軟體,8047
應用軟體,910861
應用軟體,5262
應用軟體,6516
應用軟體,6529
應用軟體,8284
檢測驗證服務,2459
檢測驗證服務,3055
檢測驗證服務,3289
檢測驗證服務,3587
檢測驗證服務,6146
檢測驗證服務,3138
檢驗試劑/紙,3118
檢驗試劑/紙,3176
檢驗試劑/紙,4131
檢驗試劑/紙,4133
檢驗試劑/紙,4117
檢驗試劑/紙,4186
檢驗試劑/紙,4194
檢驗試劑/紙,4195
檢驗試劑/紙,6572
檢驗試劑/紙,6598
檢驗試劑/紙,6645
檢驗儀器設備,3118
檢驗儀器設備,4131
檢驗儀器設備,910801
檢驗儀器設備,4117
檢驗儀器設備,4195
檢驗儀器設備,6572
檢驗儀器設備,6598
檢驗儀器設備,6645
營建,1316
營建,1402
營建,1416
營建,1436
營建,1438
營建,1442
營建,1453
營建,1456
營建,1463
營建,1532
營建,1609
營建,1805
營建,1808
營建,2107
營建,2442
營建,2501
營建,2505
營建,2506
營建,2509
營建,2511
營建,2514
營建,2520
營建,2524
營建,2527
營建,2528
營建,2530
營建,2534
營建,2536
營建,2537
營建,2538
營建,2539
營建,2542
營建,2545
營建,2547
營建,2548
營建,2596
營建,2611
營建,2841
營建,2923
營建,3018
營建,3052
營建,3056
營建,3073
營建,3188
營建,3252
營建,3266
營建,3310
營建,3489
營建,3512
營建,3521
營建,3703
營建,4113
營建,4306
營建,4413
營建,4416
營建,4907
營建,5206
營建,5213
營建,5310
營建,5324
營建,5493
營建,5508
營建,5512
營建,5514
營建,5519
營建,5522
營建,5523
營建,5525
營建,5529
營建,5531
營建,5533
營建,5534
營建,6171
營建,6177
營建,6186
營建,6212
營建,6219
營建,6264
營建,8905
營建,911619
營建,9902
營建,9906
營建,9945
營建,9946
營建,2599
營造工程,1535
營造工程,2404
營造工程,2511
營造工程,2515
營造工程,2516
營造工程,2520
營造工程,2535
營造工程,2542
營造工程,2543
營造工程,2546
營造工程,2597
營造工程,2913
營造工程,3018
營造工程,3052
營造工程,3402
營造工程,3489
營造工程,3703
營造工程,4550
營造工程,5206
營造工程,5434
營造工程,5512
營造工程,5515
營造工程,5516
營造工程,5519
營造工程,5521
營造工程,5536
營造工程,6122
營造工程,6139
營造工程,6179
營造工程,8011
營造工程,8383
營造工程,8426
營造工程,8463
營造工程,8473
營造工程,8476
營造工程,9933
營造工程,1594
營造工程,6401
營造工程,6624
環保工程,1535
環保工程,3703
環保工程,5512
環保工程,6179
環保工程,8473
環保工程,8476
環保工程,1594
環保工程,6624
螺絲螺帽,1591
螺絲螺帽,2012
螺絲螺帽,2017
螺絲螺帽,2022
螺絲螺帽,2027
螺絲螺帽,2063
螺絲螺帽,2065
螺絲螺帽,2066
螺絲螺帽,3004
螺絲螺帽,5007
螺絲螺帽,5011
螺絲螺帽,8349
螺絲螺帽,8415
鍍鋅鋼捲,2002
鍍鋅鋼捲,2008
鍍鋅鋼捲,2014
鍍鋅鋼捲,2023
鍍鋅鋼捲,2029
鍵盤,2301
鍵盤,2365
鍵盤,2385
鍵盤,2387
鍵盤,2420
鍵盤,3540
鍵盤,4915
鍵盤,5215
鍵盤,5309
鍵盤,8093
鍵盤,8163
鎂鋁合金外殼,2354
鎂鋁合金外殼,2474
鎂鋁合金外殼,3311
鎂鋁合金外殼,5264
鎂鋁合金外殼,6235
鎂鋁合金外殼,9136
黏扣帶,9938
黏扣帶,8404
黏膠,1326
濾波器,2484
濾波器,3068
濾波器,3152
濾波器,3221
濾波器,3299
濾波器,6174
濾波器,6284
織布,1402
織布,1410
織布,1419
織布,1432
織布,1434
織布,1441
織布,1445
織布,1446
織布,1447
織布,1449
織布,1451
織布,1454
織布,1457
織布,1460
織布,1463
織布,1464
織布,1465
織布,1467
織布,1468
織布,1472
織布,1474
織布,1475
織布,1476
織布,2915
織布,4402
織布,4413
織布,4420
織布,4426
織布,4433
織布,8404
織布,9938
藍寶石基板,1560
藍寶石基板,3042
藍寶石基板,4944
藍寶石基板,6182
藍寶石基板,5256
藍寶石基板,6489
藍寶石晶棒,3579
藍寶石晶棒,5483
藍寶石晶棒,8121
醫用家具,4116
醫用家具,4720
醫用家具,5288
醫用植入材料,1737
醫用植入材料,1752
醫用植入材料,1783
醫用植入材料,1786
醫用植入材料,4728
醫用植入材料,4177
醫用植入材料,4194
醫用植入材料,6539
醫用植入材料,6612
醫用植入材料,6649
醫學影像裝置,2305
醫學影像裝置,2352
醫學影像裝置,2404
醫學影像裝置,4198
醫學影像裝置,6527
醫療服務,3218
醫療服務,4104
醫療服務,4139
醫療服務,4160
醫療服務,6130
醫療服務,8403
醫療服務,910708
醫療服務,6518
醫療耗材,4126
醫療耗材,5398
醫療耗材,8215
醫療耗材,9103
醫療資訊技術,4160
醫療資訊技術,4188
醫療資訊技術,8409
醫療管理服務,3218
醫療管理服務,4104
醫療管理服務,4139
醫療管理服務,4160
醫療管理服務,6130
醫療管理服務,8403
醫療管理服務,910708
醫療管理服務,910801
醫療管理服務,6518
醫療器材通路,1701
醫療器材通路,1788
醫療器材通路,4104
醫療器材通路,4138
醫療器材通路,4144
醫療器材通路,4164
醫療器材通路,4175
醫療器材通路,4745
醫療器材通路,5398
醫療器材通路,6130
醫療器材通路,6469
醫療器材通路,6496
醫療器材通路,8403
醫療器材通路,4169
醫療器材通路,4194
醫療器材通路,6467
醫療器材通路,6518
醫療器材通路,6621
醫療器材通路,6637
醫藥流通,1701
醫藥流通,1731
醫藥流通,4104
醫藥流通,4114
醫藥流通,4120
醫藥流通,4130
醫藥流通,4144
醫藥流通,4173
醫藥流通,4175
醫藥流通,5398
醫藥流通,6130
醫藥流通,6469
醫藥流通,6472
醫藥流通,6496
醫藥流通,8403
醫藥流通,8432
醫藥流通,4169
醫藥流通,4172
醫藥流通,6518
醫藥流通,6621
醫藥流通,6637
醫藥產業,1701
醫藥產業,1711
醫藥產業,1720
醫藥產業,1731
醫藥產業,1734
醫藥產業,1752
醫藥產業,1762
醫藥產業,1777
醫藥產業,1789
醫藥產業,1795
醫藥產業,1799
醫藥產業,2104
醫藥產業,3176
醫藥產業,3705
醫藥產業,4102
醫藥產業,4104
醫藥產業,4105
醫藥產業,4108
醫藥產業,4111
醫藥產業,4114
醫藥產業,4119
醫藥產業,4120
醫藥產業,4123
醫藥產業,4127
醫藥產業,4128
醫藥產業,4130
醫藥產業,4139
醫藥產業,4142
醫藥產業,4144
醫藥產業,4147
醫藥產業,4152
醫藥產業,4157
醫藥產業,4162
醫藥產業,4167
醫藥產業,4168
醫藥產業,4173
醫藥產業,4174
醫藥產業,4175
醫藥產業,4180
醫藥產業,4192
醫藥產業,4726
醫藥產業,4743
醫藥產業,4746
醫藥產業,4747
醫藥產業,4911
醫藥產業,5398
醫藥產業,6130
醫藥產業,6242
醫藥產業,6446
醫藥產業,6452
醫藥產業,6469
醫藥產業,6472
醫藥產業,6492
醫藥產業,6496
醫藥產業,6497
醫藥產業,6535
醫藥產業,8279
醫藥產業,8403
醫藥產業,8432
醫藥產業,1760
醫藥產業,4132
醫藥產業,4159
醫藥產業,4166
醫藥產業,4169
醫藥產業,4172
醫藥產業,4187
醫藥產業,4191
醫藥產業,4193
醫藥產業,4194
醫藥產業,4732
醫藥產業,6453
醫藥產業,6461
醫藥產業,6467
醫藥產業,6471
醫藥產業,6479
醫藥產業,6487
醫藥產業,6518
醫藥產業,6540
醫藥產業,6541
醫藥產業,6547
醫藥產業,6549
醫藥產業,6550
醫藥產業,6562
醫藥產業,6566
醫藥產業,6567
醫藥產業,6575
醫藥產業,6576
醫藥產業,6580
醫藥產業,6610
醫藥產業,6617
醫藥產業,6620
醫藥產業,6621
醫藥產業,6634
醫藥產業,6637
鎖,9924
鎳,1584
寵物相關,1219
繪圖IC,2363
繪圖卡,2357
繪圖卡,2376
繪圖卡,2377
繪圖卡,2399
繪圖卡,2425
繪圖卡,2465
繪圖卡,4938
繪圖卡,5386
繪圖卡,6150
繪圖卡,6161
藥蛫s售相關,8454
證券,2855
證券,2856
證券,2880
證券,2881
證券,2882
證券,2883
證券,2884
證券,2885
證券,2886
證券,2887
證券,2889
證券,2890
證券,2891
證券,2892
證券,5820
證券,5880
證券,6005
證券,6015
證券,6016
證券,6020
證券,6021
證券,6023
證券,6024
證券,6026
證券,5864
證券,6027
證金公司,2885
類比IC,2436
類比IC,3006
類比IC,3014
類比IC,3257
類比IC,3288
類比IC,3317
類比IC,3438
類比IC,3527
類比IC,3588
類比IC,4947
類比IC,5305
類比IC,5468
類比IC,6103
類比IC,6138
類比IC,6415
類比IC,6435
類比IC,6457
類比IC,8016
類比IC,8081
類比IC,8261
寶特瓶,9907
寶特瓶,9939
懸吊系統,1525
懸吊系統,2236
觸控面板,2409
觸控面板,2429
觸控面板,2475
觸控面板,3038
觸控面板,3049
觸控面板,3481
觸控面板,3508
觸控面板,3615
觸控面板,3622
觸控面板,3623
觸控面板,3673
觸控面板,4729
觸控面板,5259
觸控面板,5315
觸控面板,5386
觸控面板,6116
觸控面板,6246
觸控面板,6456
觸控面板,8105
觸控面板,5220
觸控面板IC,2363
觸控面板IC,2436
觸控面板IC,2458
觸控面板IC,3014
觸控面板IC,3034
觸控面板IC,3545
觸控面板IC,3556
觸控面板IC,4966
觸控面板IC,5471
觸控面板IC,6243
觸控面板IC,8016
觸控面板設備,1595
觸控面板設備,2464
觸控面板設備,3455
觸控面板設備,6425
?氟龍基板,4909
麵粉,1216
麵粉,1225
麵粉,1229
麵製品,1229
麵製品,1702
鐵路運輸服務,2633
鐵礦砂,8011
變電設備,1503
變電設備,1514
變電設備,1519
變電設備,2371
變頻器,2371
變頻器,8374
變壓器,2308
變壓器,2413
變壓器,2431
變壓器,2459
變壓器,3027
變壓器,3058
變壓器,3191
變壓器,3207
變壓器,3609
變壓器,6107
變壓器,6109
變壓器,6156
變壓器,6246
變壓器,6292
顯示器,1504
顯示器,1604
顯示器,1614
顯示器,2308
顯示器,2317
顯示器,2324
顯示器,2352
顯示器,2353
顯示器,2365
顯示器,2371
顯示器,2388
顯示器,2442
顯示器,2443
顯示器,2489
顯示器,3002
顯示器,3038
顯示器,3046
顯示器,3088
顯示器,3231
顯示器,3287
顯示器,3356
顯示器,3416
顯示器,3504
顯示器,3669
顯示器,4153
顯示器,4938
顯示器,4995
顯示器,5371
顯示器,5438
顯示器,6222
顯示器,6225
顯示器,6246
顯示器,6577
顯示器,8050
顯示器,8069
顯示器,9912
顯示器零件,4153
顯示器零件,6222
顯示器零件,6246
體外診斷用醫材,1733
體外診斷用醫材,1781
體外診斷用醫材,3059
體外診斷用醫材,3118
體外診斷用醫材,3176
體外診斷用醫材,3508
體外診斷用醫材,4131
體外診斷用醫材,4133
體外診斷用醫材,4161
體外診斷用醫材,4183
體外診斷用醫材,4736
體外診斷用醫材,4737
體外診斷用醫材,910801
體外診斷用醫材,4117
體外診斷用醫材,4134
體外診斷用醫材,4155
體外診斷用醫材,4186
體外診斷用醫材,4194
體外診斷用醫材,4195
體外診斷用醫材,4197
體外診斷用醫材,6572
體外診斷用醫材,6598
體外診斷用醫材,6645
體溫計,1799
體溫計,3373
體溫計,4103
體溫計,4735
體溫計,4736
罐頭,1201
罐頭,1203
罐頭,1217
鹼業,1708
