台灣3C通路指標,2321
台灣3C通路指標,2347
台灣3C通路指標,2362
台灣3C通路指標,2414
台灣3C通路指標,2430
台灣3C通路指標,2450
台灣3C通路指標,2937
台灣3C通路指標,3213
台灣3C通路指標,5410
台灣3C通路指標,6118
台灣3C通路指標,6154
台灣3C通路指標,6170
台灣3C通路指標,6281
台灣3C通路指標,8067
台灣3C通路指標,3709
台灣GPS指標,3306
台灣GPS指標,3431
台灣GPS指標,3499
台灣GPS指標,3632
台灣GPS指標,3706
台灣GPS指標,5348
台灣GPS指標,6465
台灣IC封測指標,1437
台灣IC封測指標,2311
台灣IC封測指標,2325
台灣IC封測指標,2329
台灣IC封測指標,2351
台灣IC封測指標,2369
台灣IC封測指標,2441
台灣IC封測指標,2449
台灣IC封測指標,3189
台灣IC封測指標,3264
台灣IC封測指標,3265
台灣IC封測指標,3305
台灣IC封測指標,3372
台灣IC封測指標,3374
台灣IC封測指標,3567
台灣IC封測指標,3631
台灣IC封測指標,5285
台灣IC封測指標,5344
台灣IC封測指標,6147
台灣IC封測指標,6217
台灣IC封測指標,6223
台灣IC封測指標,6238
台灣IC封測指標,6239
台灣IC封測指標,6257
台灣IC封測指標,6261
台灣IC封測指標,6271
台灣IC封測指標,6451
台灣IC封測指標,6510
台灣IC封測指標,6525
台灣IC封測指標,8046
台灣IC封測指標,8110
台灣IC封測指標,8131
台灣IC封測指標,8150
台灣IC基板指標,3037
台灣IC基板指標,3189
台灣IC基板指標,6552
台灣IC基板指標,8046
台灣IC設計指標,2363
台灣IC設計指標,2379
台灣IC設計指標,2388
台灣IC設計指標,2401
台灣IC設計指標,2436
台灣IC設計指標,2454
台灣IC設計指標,2458
台灣IC設計指標,3006
台灣IC設計指標,3014
台灣IC設計指標,3034
台灣IC設計指標,3035
台灣IC設計指標,3041
台灣IC設計指標,3073
台灣IC設計指標,3094
台灣IC設計指標,3122
台灣IC設計指標,3141
台灣IC設計指標,3169
台灣IC設計指標,3227
台灣IC設計指標,3228
台灣IC設計指標,3257
台灣IC設計指標,3259
台灣IC設計指標,3268
台灣IC設計指標,3288
台灣IC設計指標,3438
台灣IC設計指標,3443
台灣IC設計指標,3527
台灣IC設計指標,3529
台灣IC設計指標,3545
台灣IC設計指標,3553
台灣IC設計指標,3556
台灣IC設計指標,3588
台灣IC設計指標,4919
台灣IC設計指標,4947
台灣IC設計指標,4952
台灣IC設計指標,4966
台灣IC設計指標,4968
台灣IC設計指標,5269
台灣IC設計指標,5272
台灣IC設計指標,5274
台灣IC設計指標,5302
台灣IC設計指標,5314
台灣IC設計指標,5351
台灣IC設計指標,5468
台灣IC設計指標,5471
台灣IC設計指標,5487
台灣IC設計指標,6103
台灣IC設計指標,6104
台灣IC設計指標,6129
台灣IC設計指標,6138
台灣IC設計指標,6198
台灣IC設計指標,6202
台灣IC設計指標,6229
台灣IC設計指標,6233
台灣IC設計指標,6237
台灣IC設計指標,6243
台灣IC設計指標,6411
台灣IC設計指標,6415
台灣IC設計指標,6457
台灣IC設計指標,6462
台灣IC設計指標,6485
台灣IC設計指標,6494
台灣IC設計指標,6531
台灣IC設計指標,6533
台灣IC設計指標,6568
台灣IC設計指標,6594
台灣IC設計指標,8016
台灣IC設計指標,8024
台灣IC設計指標,8040
台灣IC設計指標,8054
台灣IC設計指標,8081
台灣IC設計指標,8261
台灣IC設計指標,8299
台灣IC零組件通路商,2359
台灣IC零組件通路商,3010
台灣IC零組件通路商,3028
台灣IC零組件通路商,3033
台灣IC零組件通路商,3036
台灣IC零組件通路商,3048
台灣IC零組件通路商,3209
台灣IC零組件通路商,3224
台灣IC零組件通路商,3232
台灣IC零組件通路商,3312
台灣IC零組件通路商,3315
台灣IC零組件通路商,3360
台灣IC零組件通路商,3528
台灣IC零組件通路商,3702
台灣IC零組件通路商,6113
台灣IC零組件通路商,6189
台灣IC零組件通路商,6227
台灣IC零組件通路商,6238
台灣IC零組件通路商,6265
台灣IC零組件通路商,6270
台灣IC零組件通路商,8032
台灣IC零組件通路商,8068
台灣IC零組件通路商,8096
台灣IC零組件通路商,8112
台灣INTER相關指標,3085
台灣INTER相關指標,3130
台灣INTER相關指標,4965
台灣INTER相關指標,5278
台灣INTER相關指標,5287
台灣INTER相關指標,8044
台灣INTER相關指標,8472
台灣INTER相關指標,8477
台灣INTER相關指標,9960
台灣LED指標,2340
台灣LED指標,2393
台灣LED指標,2426
台灣LED指標,2448
台灣LED指標,2486
台灣LED指標,2491
台灣LED指標,2499
台灣LED指標,3031
台灣LED指標,3066
台灣LED指標,3339
台灣LED指標,3346
台灣LED指標,3383
台灣LED指標,3437
台灣LED指標,3516
台灣LED指標,3591
台灣LED指標,3653
台灣LED指標,3698
台灣LED指標,4944
台灣LED指標,4956
台灣LED指標,4972
台灣LED指標,5230
台灣LED指標,5281
台灣LED指標,5355
台灣LED指標,5383
台灣LED指標,5450
台灣LED指標,6164
台灣LED指標,6168
台灣LED指標,6226
台灣LED指標,6261
台灣LED指標,6271
台灣LED指標,6289
台灣LED指標,6548
台灣LED指標,8111
台灣MLCC指標,2327
台灣MLCC指標,3026
台灣MLCC指標,3313
台灣MLCC指標,5345
台灣MLCC指標,8043
台灣TFT面板指標,2409
台灣TFT面板指標,2438
台灣TFT面板指標,2475
台灣TFT面板指標,3051
台灣TFT面板指標,3149
台灣TFT面板指標,3285
台灣TFT面板指標,3481
台灣TFT面板指標,3516
台灣TFT面板指標,3522
台灣TFT面板指標,3523
台灣TFT面板指標,3531
台灣TFT面板指標,3536
台灣TFT面板指標,3557
台灣TFT面板指標,3666
台灣TFT面板指標,3685
台灣TFT面板指標,4933
台灣TFT面板指標,4935
台灣TFT面板指標,4960
台灣TFT面板指標,5245
台灣TFT面板指標,5259
台灣TFT面板指標,5371
台灣TFT面板指標,6116
台灣TFT面板指標,6120
台灣TFT面板指標,6176
台灣TFT面板指標,6405
台灣TFT面板指標,6431
台灣TFT面板指標,8049
台灣TFT面板指標,8069
台灣TFT面板指標,8085
台灣TFT面板指標,8105
台灣TFT面板指標,8215
台灣TFT面板指標,8240
台灣TN/STN指標,3038
台灣TN/STN指標,5315
台灣TN/STN指標,5432
台灣TN/STN指標,6167
台灣TN/STN指標,8105
台灣USB IC 指標,5269
台灣USB IC 指標,6104
台灣USB IC 指標,6233
台灣USB IC 指標,8054
台灣USB IC 指標,8299
台灣大宗物資指標,1210
台灣大宗物資指標,1215
台灣大宗物資指標,1216
台灣大宗物資指標,1218
台灣大宗物資指標,1219
台灣大宗物資指標,1220
台灣大宗物資指標,1225
台灣大宗物資指標,1229
台灣大宗物資指標,1232
台灣大宗物資指標,1235
台灣大宗物資指標,1258
台灣大宗物資指標,1702
台灣大宗物資指標,8905
台灣工具機業指標,1530
台灣工具機業指標,1540
台灣工具機業指標,1560
台灣工具機業指標,1583
台灣工具機業指標,3167
台灣工具機業指標,4510
台灣工具機業指標,4513
台灣工具機業指標,4526
台灣工具機業指標,4533
台灣工具機業指標,6609
台灣工具機業指標,912398
台灣工業電腦指標,2395
台灣工業電腦指標,2397
台灣工業電腦指標,2482
台灣工業電腦指標,3022
台灣工業電腦指標,3088
台灣工業電腦指標,3416
台灣工業電腦指標,3479
台灣工業電腦指標,3521
台灣工業電腦指標,3564
台灣工業電腦指標,3577
台灣工業電腦指標,3594
台灣工業電腦指標,3652
台灣工業電腦指標,4916
台灣工業電腦指標,5258
台灣工業電腦指標,5353
台灣工業電腦指標,5490
台灣工業電腦指標,6105
台灣工業電腦指標,6160
台灣工業電腦指標,6166
台灣工業電腦指標,6206
台灣工業電腦指標,6245
台灣工業電腦指標,6414
台灣工業電腦指標,6569
台灣工業電腦指標,6577
台灣工業電腦指標,6579
台灣工業電腦指標,8050
台灣工業電腦指標,8076
台灣工業電腦指標,8114
台灣工業電腦指標,8234
台灣不織布指標,1325
台灣不織布指標,4430
台灣不織布指標,6504
台灣不織布指標,8929
台灣不織布指標,9919
台灣不織布指標,9944
台灣不鏽鋼指標,1584
台灣不鏽鋼指標,1605
台灣不鏽鋼指標,2007
台灣不鏽鋼指標,2025
台灣不鏽鋼指標,2027
台灣不鏽鋼指標,2030
台灣不鏽鋼指標,2032
台灣不鏽鋼指標,2034
台灣不鏽鋼指標,2035
台灣不鏽鋼指標,2063
台灣不鏽鋼指標,2069
台灣不鏽鋼指標,2221
台灣不鏽鋼指標,5009
台灣不鏽鋼指標,5014
台灣不鏽鋼指標,5015
台灣不鏽鋼指標,5538
台灣不鏽鋼指標,9962
台灣中概股指標,1101
台灣中概股指標,1102
台灣中概股指標,1103
台灣中概股指標,1201
台灣中概股指標,1210
台灣中概股指標,1216
台灣中概股指標,1218
台灣中概股指標,1227
台灣中概股指標,1233
台灣中概股指標,1256
台灣中概股指標,1301
台灣中概股指標,1303
台灣中概股指標,1307
台灣中概股指標,1309
台灣中概股指標,1313
台灣中概股指標,1314
台灣中概股指標,1319
台灣中概股指標,1323
台灣中概股指標,1337
台灣中概股指標,1402
台灣中概股指標,1409
台灣中概股指標,1417
台灣中概股指標,1423
台灣中概股指標,1434
台灣中概股指標,1457
台灣中概股指標,1460
台灣中概股指標,1464
台灣中概股指標,1473
台灣中概股指標,1503
台灣中概股指標,1506
台灣中概股指標,1507
台灣中概股指標,1512
台灣中概股指標,1517
台灣中概股指標,1521
台灣中概股指標,1522
台灣中概股指標,1525
台灣中概股指標,1531
台灣中概股指標,1532
台灣中概股指標,1558
台灣中概股指標,1580
台灣中概股指標,1589
台灣中概股指標,1590
台灣中概股指標,1605
台灣中概股指標,1626
台灣中概股指標,1701
台灣中概股指標,1702
台灣中概股指標,1714
台灣中概股指標,1717
台灣中概股指標,1718
台灣中概股指標,1726
台灣中概股指標,1736
台灣中概股指標,1788
台灣中概股指標,1789
台灣中概股指標,1802
台灣中概股指標,1809
台灣中概股指標,1810
台灣中概股指標,1902
台灣中概股指標,1904
台灣中概股指標,1905
台灣中概股指標,1907
台灣中概股指標,1909
台灣中概股指標,2002
台灣中概股指標,2012
台灣中概股指標,2022
台灣中概股指標,2023
台灣中概股指標,2029
台灣中概股指標,2062
台灣中概股指標,2101
台灣中概股指標,2102
台灣中概股指標,2103
台灣中概股指標,2104
台灣中概股指標,2105
台灣中概股指標,2106
台灣中概股指標,2108
台灣中概股指標,2201
台灣中概股指標,2204
台灣中概股指標,2227
台灣中概股指標,2308
台灣中概股指標,2316
台灣中概股指標,2317
台灣中概股指標,2347
台灣中概股指標,2356
台灣中概股指標,2362
台灣中概股指標,2373
台灣中概股指標,2430
台灣中概股指標,2450
台灣中概股指標,2461
台灣中概股指標,2504
台灣中概股指標,2601
台灣中概股指標,2608
台灣中概股指標,2610
台灣中概股指標,2616
台灣中概股指標,2618
台灣中概股指標,2636
台灣中概股指標,2723
台灣中概股指標,2727
台灣中概股指標,2903
台灣中概股指標,2905
台灣中概股指標,2906
台灣中概股指標,2908
台灣中概股指標,2911
台灣中概股指標,2912
台灣中概股指標,2913
台灣中概股指標,2915
台灣中概股指標,2924
台灣中概股指標,3379
台灣中概股指標,4105
台灣中概股指標,4128
台灣中概股指標,4137
台灣中概股指標,4141
台灣中概股指標,4144
台灣中概股指標,4417
台灣中概股指標,4430
台灣中概股指標,4502
台灣中概股指標,4506
台灣中概股指標,4523
台灣中概股指標,4527
台灣中概股指標,4532
台灣中概股指標,4533
台灣中概股指標,4552
台灣中概股指標,4763
台灣中概股指標,4930
台灣中概股指標,5312
台灣中概股指標,5515
台灣中概股指標,5609
台灣中概股指標,5871
台灣中概股指標,5903
台灣中概股指標,5905
台灣中概股指標,5906
台灣中概股指標,5907
台灣中概股指標,6220
台灣中概股指標,6279
台灣中概股指標,6508
台灣中概股指標,8374
台灣中概股指標,8401
台灣中概股指標,8404
台灣中概股指標,8406
台灣中概股指標,8411
台灣中概股指標,8429
台灣中概股指標,8433
台灣中概股指標,8435
台灣中概股指標,8488
台灣中概股指標,8930
台灣中概股指標,8933
台灣中概股指標,8936
台灣中概股指標,910322
台灣中概股指標,910801
台灣中概股指標,912398
台灣中概股指標,9904
台灣中概股指標,9905
台灣中概股指標,9907
台灣中概股指標,9910
台灣中概股指標,9911
台灣中概股指標,9914
台灣中概股指標,9919
台灣中概股指標,9921
台灣中概股指標,9934
台灣中概股指標,9938
台灣中概股指標,9939
台灣中概股指標,9944
台灣中概股指標,9945
台灣分離式元件指標,2302
台灣分離式元件指標,2434
台灣分離式元件指標,2481
台灣分離式元件指標,3317
台灣分離式元件指標,3536
台灣分離式元件指標,3675
台灣分離式元件指標,5305
台灣分離式元件指標,5425
台灣分離式元件指標,6435
台灣分離式元件指標,8255
台灣化工指標,1316
台灣化工指標,1708
台灣化工指標,1709
台灣化工指標,1710
台灣化工指標,1711
台灣化工指標,1712
台灣化工指標,1713
台灣化工指標,1714
台灣化工指標,1717
台灣化工指標,1721
台灣化工指標,1722
台灣化工指標,1723
台灣化工指標,1724
台灣化工指標,1725
台灣化工指標,1726
台灣化工指標,1727
台灣化工指標,1730
台灣化工指標,1732
台灣化工指標,1735
台灣化工指標,1742
台灣化工指標,1773
台灣化工指標,1776
台灣化工指標,1787
台灣化工指標,3708
台灣化工指標,4141
台灣化工指標,4702
台灣化工指標,4706
台灣化工指標,4707
台灣化工指標,4711
台灣化工指標,4714
台灣化工指標,4716
台灣化工指標,4720
台灣化工指標,4721
台灣化工指標,4722
台灣化工指標,4725
台灣化工指標,4739
台灣化工指標,4746
台灣化工指標,4754
台灣化工指標,4755
台灣化工指標,6506
台灣化工指標,6508
台灣化工指標,6509
台灣化工指標,8435
台灣太陽能指標,2406
台灣太陽能指標,3452
台灣太陽能指標,3514
台灣太陽能指標,3519
台灣太陽能指標,3561
台灣太陽能指標,3562
台灣太陽能指標,3576
台灣太陽能指標,3686
台灣太陽能指標,3691
台灣太陽能指標,4934
台灣太陽能指標,5483
台灣太陽能指標,6182
台灣太陽能指標,6244
台灣太陽能指標,6443
台灣太陽能指標,6477
台灣太陽能指標,8039
台灣太陽能指標,9157
台灣手工具機業指標,1515
台灣手工具機業指標,1527
台灣手工具機業指標,1533
台灣手工具機業指標,1538
台灣手工具機業指標,1539
台灣手工具機業指標,1541
台灣手工具機業指標,1566
台灣手工具機業指標,1570
台灣手持式設備指標,3040
台灣手持式設備指標,3632
台灣手持式設備指標,6143
台灣手持式設備指標,8201
台灣手機股指標,2317
台灣手機股指標,2498
台灣手機股指標,4938
台灣手機股指標,8101
台灣手機股指標,912000
台灣手機零組件指標,2313
台灣手機零組件指標,2367
台灣手機零組件指標,2402
台灣手機零組件指標,2409
台灣手機零組件指標,2439
台灣手機零組件指標,2454
台灣手機零組件指標,2475
台灣手機零組件指標,3008
台灣手機零組件指標,3034
台灣手機零組件指標,3037
台灣手機零組件指標,3206
台灣手機零組件指標,3311
台灣手機零組件指標,3406
台灣手機零組件指標,3481
台灣手機零組件指標,3508
台灣手機零組件指標,3545
台灣手機零組件指標,3622
台灣手機零組件指標,3642
台灣手機零組件指標,3673
台灣手機零組件指標,6116
台灣手機零組件指標,8016
台灣手機零組件指標,8105
台灣文創產業指標,2926
台灣文創產業指標,3064
台灣文創產業指標,3083
台灣文創產業指標,3086
台灣文創產業指標,3293
台灣文創產業指標,3546
台灣文創產業指標,3687
台灣文創產業指標,4803
台灣文創產業指標,4806
台灣文創產業指標,4946
台灣文創產業指標,4994
台灣文創產業指標,5278
台灣文創產業指標,5478
台灣文創產業指標,6101
台灣文創產業指標,6111
台灣文創產業指標,6144
台灣文創產業指標,6169
台灣文創產業指標,6180
台灣文創產業指標,6240
台灣文創產業指標,8446
台灣文創產業指標,8450
台灣文創產業指標,8923
台灣文創產業指標,9949
台灣水泥指標,1101
台灣水泥指標,1102
台灣水泥指標,1103
台灣水泥指標,1104
台灣水泥指標,1108
台灣水泥指標,1109
台灣水泥指標,1110
台灣水泥指標,2504
台灣水泥指標,5520
台灣水泥指標,8463
台灣水泥指標,8936
台灣水泥指標,9930
台灣加工絲指標,1402
台灣加工絲指標,1413
台灣加工絲指標,1444
台灣加工絲指標,1445
台灣加工絲指標,1452
台灣加工絲指標,1455
台灣加工絲指標,1457
台灣加工絲指標,1459
台灣加工絲指標,4406
台灣半導體指標,2303
台灣半導體指標,2330
台灣半導體指標,2337
台灣半導體指標,2338
台灣半導體指標,2342
台灣半導體指標,2344
台灣半導體指標,2408
台灣半導體指標,3016
台灣半導體指標,3532
台灣半導體指標,3579
台灣半導體指標,3661
台灣半導體指標,3707
台灣半導體指標,4919
台灣半導體指標,5305
台灣半導體指標,5347
台灣半導體指標,5483
台灣半導體指標,6182
台灣半導體指標,6287
台灣半導體指標,6488
台灣尼龍指標,1314
台灣尼龍指標,1434
台灣尼龍指標,1447
台灣尼龍指標,1455
台灣尼龍指標,1466
台灣尼龍指標,1472
台灣尼龍指標,4401
台灣平板鋼指標,2002
台灣平板鋼指標,2006
台灣平板鋼指標,2008
台灣平板鋼指標,2010
台灣平板鋼指標,2014
台灣平板鋼指標,2020
台灣平板鋼指標,2023
台灣平板鋼指標,2028
台灣平板鋼指標,2029
台灣平板鋼指標,2031
台灣生物科技指標,1784
台灣生物科技指標,3118
台灣生物科技指標,4131
台灣生物科技指標,4133
台灣生物科技指標,4148
台灣生物科技指標,4160
台灣生物科技指標,4171
台灣生物科技指標,4190
台灣石英元件指標,2484
台灣石英元件指標,3042
台灣石英元件指標,3221
台灣石英元件指標,6174
台灣石英元件指標,8182
台灣光收發模組,4908
台灣光收發模組,4977
台灣光收發模組,4979
台灣光碟指標,2323
台灣光碟指標,2349
台灣光碟指標,3050
台灣光碟指標,8071
台灣光碟指標,8087
台灣光碟機指標,6188
台灣光學鏡片指標,1565
台灣光學鏡片指標,1813
台灣光學鏡片指標,8406
台灣光學鏡頭指標,3008
台灣光學鏡頭指標,3019
台灣光學鏡頭指標,3362
台灣光學鏡頭指標,3406
台灣光學鏡頭指標,3428
台灣光學鏡頭指標,3441
台灣光學鏡頭指標,3630
台灣光學鏡頭指標,4976
台灣光學鏡頭指標,6209
台灣光纖次模組封裝指標,3234
台灣光纖次模組封裝指標,3450
台灣光纖次模組封裝指標,4979
台灣光纖次模組封裝指標,6442
台灣光纖產品指標,2466
台灣光纖產品指標,2496
台灣光纖產品指標,3163
台灣光纖產品指標,3234
台灣光纖產品指標,3363
台灣光纖產品指標,3450
台灣光纖產品指標,3672
台灣光纖產品指標,4903
台灣光纖產品指標,4908
台灣光纖產品指標,4977
台灣光纖產品指標,4979
台灣光纖產品指標,4984
台灣光纖產品指標,6426
台灣光纖產品指標,6442
台灣光纖產品指標,8011
台灣光纖產品指標,8048
台灣光纖被動元件指標,2466
台灣光纖被動元件指標,3163
台灣光纖被動元件指標,3363
台灣光纖被動元件指標,8011
台灣印刷電路板與材料指標,1303
台灣印刷電路板與材料指標,1802
台灣印刷電路板與材料指標,1815
台灣印刷電路板與材料指標,2383
台灣印刷電路板與材料指標,3305
台灣印刷電路板與材料指標,3631
台灣印刷電路板與材料指標,5340
台灣印刷電路板與材料指標,5381
台灣印刷電路板與材料指標,5475
台灣印刷電路板與材料指標,5481
台灣印刷電路板與材料指標,5498
台灣印刷電路板與材料指標,6213
台灣印刷電路板與材料指標,6274
台灣印刷電路板與材料指標,8021
台灣印刷電路板與材料指標,8074
台灣印刷電路板與材料指標,8291
台灣印刷電路板與材料指標,8358
台灣印刷電路指標,2313
台灣印刷電路指標,2316
台灣印刷電路指標,2355
台灣印刷電路指標,2367
台灣印刷電路指標,2368
台灣印刷電路指標,2429
台灣印刷電路指標,3037
台灣印刷電路指標,3044
台灣印刷電路指標,3229
台灣印刷電路指標,3276
台灣印刷電路指標,4909
台灣印刷電路指標,4927
台灣印刷電路指標,4958
台灣印刷電路指標,5291
台灣印刷電路指標,5349
台灣印刷電路指標,5439
台灣印刷電路指標,5464
台灣印刷電路指標,5469
台灣印刷電路指標,5480
台灣印刷電路指標,6108
台灣印刷電路指標,6114
台灣印刷電路指標,6141
台灣印刷電路指標,6156
台灣印刷電路指標,6191
台灣印刷電路指標,6194
台灣印刷電路指標,6210
台灣印刷電路指標,6251
台灣印刷電路指標,6266
台灣印刷電路指標,6278
台灣印刷電路指標,8046
台灣印刷電路指標,8155
台灣印刷電路指標,8183
台灣印刷電路指標,8213
台灣合成樹酯指標,1316
台灣合成樹酯指標,1717
台灣合成樹酯指標,1776
台灣合成樹酯指標,3708
台灣合成樹酯指標,4711
台灣合成樹酯指標,4714
台灣合成樹酯指標,4716
台灣合成樹酯指標,4722
台灣安全監控系統指標,2390
台灣安全監控系統指標,3128
台灣安全監控系統指標,3297
台灣安全監控系統指標,3356
台灣安全監控系統指標,3434
台灣安全監控系統指標,3454
台灣安全監控系統指標,5251
台灣安全監控系統指標,5484
台灣安全監控系統指標,5489
台灣安全監控系統指標,6131
台灣安全監控系統指標,6419
台灣安全監控系統指標,6560
台灣安全監控系統指標,7402
台灣安全監控系統指標,8072
台灣成衣指標,1417
台灣成衣指標,1419
台灣成衣指標,1451
台灣成衣指標,1467
台灣成衣指標,1473
台灣成衣指標,1476
台灣成衣指標,1477
台灣成衣指標,2916
台灣成衣指標,4414
台灣成衣指標,4432
台灣成衣指標,4438
台灣成衣指標,5906
台灣成衣指標,8429
台灣成衣指標,8916
台灣自行車指標,1517
台灣自行車指標,1526
台灣自行車指標,3162
台灣自行車指標,5306
台灣自行車指標,8933
台灣自行車指標,8938
台灣自行車指標,9914
台灣自行車指標,9921
台灣西藥製劑指標,1701
台灣西藥製劑指標,1720
台灣西藥製劑指標,1734
台灣西藥製劑指標,1752
台灣西藥製劑指標,1795
台灣西藥製劑指標,3176
台灣西藥製劑指標,3705
台灣西藥製劑指標,4105
台灣西藥製劑指標,4108
台灣西藥製劑指標,4111
台灣西藥製劑指標,4114
台灣西藥製劑指標,4123
台灣西藥製劑指標,4127
台灣西藥製劑指標,4130
台灣西藥製劑指標,4152
台灣西藥製劑指標,4157
台灣西藥製劑指標,4162
台灣西藥製劑指標,4180
台灣西藥製劑指標,4192
台灣西藥製劑指標,4743
台灣西藥製劑指標,4747
台灣西藥製劑指標,4911
台灣西藥製劑指標,6446
台灣西藥製劑指標,6452
台灣西藥製劑指標,6472
台灣西藥製劑指標,6492
台灣西藥製劑指標,6535
台灣西藥製劑指標,8432
台灣利基型記憶體指標,2344
台灣利基型記憶體指標,2408
台灣利基型記憶體指標,3006
台灣利基型記憶體指標,3553
台灣利基型記憶體指標,5351
台灣利基型記憶體指標,6198
台灣投影機相關指標,3504
台灣投影機相關指標,3669
台灣投影機相關指標,5371
台灣投影機相關指標,6225
台灣汽車指標,2201
台灣汽車指標,2204
台灣汽車指標,2206
台灣汽車指標,2207
台灣汽車指標,2227
台灣汽車指標,4529
台灣汽車零組件指標,1319
台灣汽車零組件指標,1338
台灣汽車零組件指標,1339
台灣汽車零組件指標,1506
台灣汽車零組件指標,1512
台灣汽車零組件指標,1521
台灣汽車零組件指標,1522
台灣汽車零組件指標,1524
台灣汽車零組件指標,1525
台灣汽車零組件指標,1532
台灣汽車零組件指標,1533
台灣汽車零組件指標,1536
台灣汽車零組件指標,1568
台灣汽車零組件指標,1592
台灣汽車零組件指標,2115
台灣汽車零組件指標,2228
台灣汽車零組件指標,2230
台灣汽車零組件指標,2231
台灣汽車零組件指標,2233
台灣汽車零組件指標,2235
台灣汽車零組件指標,2236
台灣汽車零組件指標,2239
台灣汽車零組件指標,3226
台灣汽車零組件指標,4502
台灣汽車零組件指標,4523
台灣汽車零組件指標,4528
台灣汽車零組件指標,4535
台灣汽車零組件指標,4543
台灣汽車零組件指標,4557
台灣汽車零組件指標,6279
台灣汽車零組件指標,6605
台灣汽車零組件指標,8107
台灣汽車零組件指標,8255
台灣車用電子指標,1533
台灣車用電子指標,2115
台灣車用電子指標,2231
台灣車用電子指標,2308
台灣車用電子指標,2355
台灣車用電子指標,2424
台灣車用電子指標,2436
台灣車用電子指標,2458
台灣車用電子指標,2481
台灣車用電子指標,2497
台灣車用電子指標,3094
台灣車用電子指標,3122
台灣車用電子指標,3227
台灣車用電子指標,3306
台灣車用電子指標,3431
台灣車用電子指標,3499
台灣車用電子指標,3552
台灣車用電子指標,3556
台灣車用電子指標,3632
台灣車用電子指標,3706
台灣車用電子指標,4523
台灣車用電子指標,4554
台灣車用電子指標,4919
台灣車用電子指標,5302
台灣車用電子指標,5309
台灣車用電子指標,5314
台灣車用電子指標,5425
台灣車用電子指標,5471
台灣車用電子指標,6129
台灣車用電子指標,6138
台灣車用電子指標,6188
台灣車用電子指標,6202
台灣車用電子指標,6285
台灣車用電子指標,6465
台灣車用電子指標,8016
台灣車用電子指標,8054
台灣車用電子指標,8255
台灣其他傳統產業指標,1262
台灣其他傳統產業指標,1340
台灣其他傳統產業指標,1516
台灣其他傳統產業指標,1584
台灣其他傳統產業指標,1813
台灣其他傳統產業指標,2062
台灣其他傳統產業指標,2221
台灣其他傳統產業指標,2233
台灣其他傳統產業指標,2514
台灣其他傳統產業指標,2640
台灣其他傳統產業指標,2904
台灣其他傳統產業指標,2911
台灣其他傳統產業指標,2924
台灣其他傳統產業指標,2929
台灣其他傳統產業指標,3284
台灣其他傳統產業指標,3663
台灣其他傳統產業指標,4430
台灣其他傳統產業指標,4438
台灣其他傳統產業指標,4503
台灣其他傳統產業指標,4536
台灣其他傳統產業指標,5276
台灣其他傳統產業指標,5306
台灣其他傳統產業指標,5312
台灣其他傳統產業指標,5530
台灣其他傳統產業指標,6151
台灣其他傳統產業指標,6184
台灣其他傳統產業指標,6294
台灣其他傳統產業指標,6504
台灣其他傳統產業指標,6803
台灣其他傳統產業指標,8033
台灣其他傳統產業指標,8341
台灣其他傳統產業指標,8390
台灣其他傳統產業指標,8401
台灣其他傳統產業指標,8404
台灣其他傳統產業指標,8411
台灣其他傳統產業指標,8418
台灣其他傳統產業指標,8421
台灣其他傳統產業指標,8422
台灣其他傳統產業指標,8423
台灣其他傳統產業指標,8426
台灣其他傳統產業指標,8427
台灣其他傳統產業指標,8429
台灣其他傳統產業指標,8431
台灣其他傳統產業指標,8435
台灣其他傳統產業指標,8437
台灣其他傳統產業指標,8443
台灣其他傳統產業指標,8464
台灣其他傳統產業指標,8467
台灣其他傳統產業指標,8481
台灣其他傳統產業指標,8488
台灣其他傳統產業指標,8489
台灣其他傳統產業指標,8905
台灣其他傳統產業指標,8906
台灣其他傳統產業指標,8916
台灣其他傳統產業指標,8921
台灣其他傳統產業指標,8923
台灣其他傳統產業指標,8924
台灣其他傳統產業指標,8928
台灣其他傳統產業指標,8929
台灣其他傳統產業指標,8932
台灣其他傳統產業指標,8933
台灣其他傳統產業指標,8934
台灣其他傳統產業指標,8935
台灣其他傳統產業指標,8936
台灣其他傳統產業指標,8937
台灣其他傳統產業指標,8938
台灣其他傳統產業指標,8942
台灣其他傳統產業指標,8996
台灣其他傳統產業指標,9802
台灣其他傳統產業指標,9902
台灣其他傳統產業指標,9904
台灣其他傳統產業指標,9905
台灣其他傳統產業指標,9906
台灣其他傳統產業指標,9907
台灣其他傳統產業指標,9910
台灣其他傳統產業指標,9911
台灣其他傳統產業指標,9914
台灣其他傳統產業指標,9917
台灣其他傳統產業指標,9919
台灣其他傳統產業指標,9921
台灣其他傳統產業指標,9924
台灣其他傳統產業指標,9925
台灣其他傳統產業指標,9927
台灣其他傳統產業指標,9928
台灣其他傳統產業指標,9929
台灣其他傳統產業指標,9930
台灣其他傳統產業指標,9933
台灣其他傳統產業指標,9934
台灣其他傳統產業指標,9935
台灣其他傳統產業指標,9938
台灣其他傳統產業指標,9939
台灣其他傳統產業指標,9940
台灣其他傳統產業指標,9941
台灣其他傳統產業指標,9942
台灣其他傳統產業指標,9943
台灣其他傳統產業指標,9944
台灣其他傳統產業指標,9945
台灣其他傳統產業指標,9949
台灣其他傳統產業指標,9955
台灣其他電子通路指標,2459
台灣其他電子通路指標,3114
台灣其他電子通路指標,3388
台灣其他電子通路指標,3444
台灣其他電子通路指標,5205
台灣其他電子通路指標,5434
台灣其他電子通路指標,5452
台灣其他電子通路指標,6144
台灣其他電子通路指標,6259
台灣其他電子通路指標,8070
台灣其他電子通路指標,8455
台灣其他電子通路指標,6192
台灣周邊產品指標,1586
台灣周邊產品指標,2305
台灣周邊產品指標,2328
台灣周邊產品指標,2365
台灣周邊產品指標,2373
台灣周邊產品指標,2380
台灣周邊產品指標,2385
台灣周邊產品指標,2387
台灣周邊產品指標,2433
台灣周邊產品指標,2495
台灣周邊產品指標,3054
台灣周邊產品指標,3057
台灣周邊產品指標,3060
台灣周邊產品指標,3272
台灣周邊產品指標,3322
台灣周邊產品指標,3494
台灣周邊產品指標,3611
台灣周邊產品指標,4915
台灣周邊產品指標,4924
台灣周邊產品指標,4987
台灣周邊產品指標,5211
台灣周邊產品指標,5215
台灣周邊產品指標,5289
台灣周邊產品指標,5309
台灣周邊產品指標,5438
台灣周邊產品指標,6107
台灣周邊產品指標,6128
台灣周邊產品指標,6228
台灣周邊產品指標,6277
台灣周邊產品指標,6283
台灣周邊產品指標,6298
台灣周邊產品指標,8084
台灣周邊產品指標,8163
台灣周邊產品指標,8299
台灣周邊產品指標,8431
台灣服務業指標,2348
台灣服務業指標,2496
台灣服務業指標,2540
台灣服務業指標,4804
台灣服務業指標,5530
台灣服務業指標,6199
台灣服務業指標,6294
台灣服務業指標,9917
台灣服務業指標,9925
台灣服務業指標,9940
台灣油電燃氣指標,2616
台灣油電燃氣指標,2904
台灣油電燃氣指標,6505
台灣油電燃氣指標,8908
台灣油電燃氣指標,8917
台灣油電燃氣指標,8926
台灣油電燃氣指標,8927
台灣油電燃氣指標,8931
台灣油電燃氣指標,9908
台灣油電燃氣指標,9918
台灣油電燃氣指標,9926
台灣油電燃氣指標,9931
台灣油電燃氣指標,9937
台灣物業租賃指標,1432
台灣物業租賃指標,1435
台灣物業租賃指標,1436
台灣物業租賃指標,2923
台灣物業租賃指標,3040
台灣物業租賃指標,5304
台灣物業租賃指標,8934
台灣金控指標,2880
台灣金控指標,2881
台灣金控指標,2882
台灣金控指標,2883
台灣金控指標,2884
台灣金控指標,2885
台灣金控指標,2886
台灣金控指標,2887
台灣金控指標,2888
台灣金控指標,2889
台灣金控指標,2890
台灣金控指標,2891
台灣金控指標,2892
台灣金控指標,5820
台灣金控指標,5880
台灣金融其他指標,2820
台灣金融其他指標,2889
台灣金融其他指標,5871
台灣長纖布指標,1419
台灣長纖布指標,1434
台灣長纖布指標,1445
台灣長纖布指標,1446
台灣長纖布指標,1449
台灣長纖布指標,1454
台灣長纖布指標,1460
台灣長纖布指標,1464
台灣長纖布指標,1465
台灣長纖布指標,1468
台灣長纖布指標,1474
台灣長纖布指標,1475
台灣長纖布指標,1476
台灣長纖布指標,4413
台灣長纖布指標,4419
台灣長纖布指標,4420
台灣長纖布指標,4426
台灣長纖布指標,4429
台灣長纖布指標,4433
台灣非鐵金屬指標,2009
台灣非鐵金屬指標,2358
台灣非鐵金屬指標,9927
台灣保健品指標,1707
台灣保健品指標,1734
台灣保健品指標,1737
台灣保健品指標,3164
台灣保健品指標,3205
台灣保健品指標,4109
台灣保健品指標,4127
台灣保健品指標,4128
台灣保健品指標,4154
台灣保健品指標,4743
台灣保健品指標,4911
台灣保健品指標,6236
台灣保健品指標,6242
台灣保健品指標,8279
台灣保健品指標,8436
台灣保險指標,2816
台灣保險指標,2823
台灣保險指標,2832
台灣保險指標,2850
台灣保險指標,2851
台灣保險指標,2852
台灣保險指標,2867
台灣保險指標,5878
台灣建材指標,1507
台灣建材指標,1603
台灣建材指標,1802
台灣建材指標,1806
台灣建材指標,1809
台灣建材指標,4506
台灣建材指標,5455
台灣建材指標,5543
台灣建材指標,8424
台灣建材指標,8444
台灣建材指標,8466
台灣建材指標,8930
台灣建材指標,8942
台灣染整指標,1410
台灣染整指標,1463
台灣染整指標,1470
台灣穿戴式裝置指標,2312
台灣穿戴式裝置指標,2324
台灣穿戴式裝置指標,2353
台灣穿戴式裝置指標,2356
台灣穿戴式裝置指標,2357
台灣穿戴式裝置指標,2382
台灣穿戴式裝置指標,2385
台灣穿戴式裝置指標,2402
台灣穿戴式裝置指標,2413
台灣穿戴式裝置指標,2465
台灣穿戴式裝置指標,3431
台灣穿戴式裝置指標,3632
台灣穿戴式裝置指標,3706
台灣穿戴式裝置指標,4938
台灣穿戴式裝置指標,6153
台灣穿戴式裝置指標,8101
台灣背光板指標,3531
台灣背光板指標,4935
台灣背光板指標,5371
台灣背光板指標,6120
台灣背光板指標,6176
台灣背光板指標,6246
台灣背光板指標,8085
台灣重電業指標,1503
台灣重電業指標,1504
台灣重電業指標,1513
台灣重電業指標,1514
台灣重電業指標,1519
台灣重電業指標,1529
台灣重電業指標,1537
台灣重電業指標,1593
台灣重電業指標,3426
台灣重電業指標,4550
台灣重電業指標,8374
台灣音響設備及零件指標,2477
台灣音響設備及零件指標,2488
台灣音響設備及零件指標,3067
台灣音響設備及零件指標,3285
台灣音響設備及零件指標,4924
台灣音響設備及零件指標,5225
台灣音響設備及零件指標,6201
台灣音響設備及零件指標,6247
台灣音響設備及零件指標,2415
台灣飛機零組件指標,1584
台灣飛機零組件指標,2634
台灣飛機零組件指標,3004
台灣飛機零組件指標,4541
台灣飛機零組件指標,4916
台灣飛機零組件指標,5007
台灣飛機零組件指標,5009
台灣飛機零組件指標,5538
台灣飛機零組件指標,8222
台灣原料藥指標,1762
台灣原料藥指標,1777
台灣原料藥指標,1789
台灣原料藥指標,3705
台灣原料藥指標,4102
台灣原料藥指標,4119
台灣原料藥指標,4167
台灣原料藥指標,4746
台灣原料藥指標,8279
台灣家居用品指標,1810
台灣家居用品指標,1817
台灣家居用品指標,2062
台灣家居用品指標,2936
台灣家居用品指標,4950
台灣家居用品指標,6195
台灣家居用品指標,8066
台灣家居用品指標,8427
台灣家居用品指標,9911
台灣家居用品指標,9924
台灣家居用品指標,9934
台灣家居用品指標,9935
台灣家電業指標,1504
台灣家電業指標,1604
台灣家電業指標,1611
台灣家電業指標,1614
台灣家電業指標,1626
台灣家電業指標,2371
台灣家電業指標,2430
台灣家電業指標,2443
台灣家電業指標,3024
台灣家電業指標,4609
台灣家電業指標,4930
台灣家電業指標,4972
台灣家電業指標,6201
台灣家電業指標,6275
台灣家電業指標,6281
台灣家電業指標,911868
台灣砷化鉀指標,2455
台灣砷化鉀指標,3081
台灣砷化鉀指標,3105
台灣砷化鉀指標,4971
台灣砷化鉀指標,4991
台灣砷化鉀指標,8086
台灣航空指標,2610
台灣航空指標,2618
台灣航空指標,2636
台灣航空指標,2643
台灣航空指標,5607
台灣航空指標,5609
台灣記憶體模組指標,2451
台灣記憶體模組指標,3260
台灣記憶體模組指標,4973
台灣記憶體模組指標,6145
台灣記憶體模組指標,8088
台灣記憶體模組指標,8271
台灣記憶體模組指標,8277
台灣高爾夫球指標,8420
台灣高爾夫球指標,8924
台灣高爾夫球指標,8928
台灣高爾夫球指標,8938
台灣接取設備指標,2332
台灣接取設備指標,2419
台灣接取設備指標,3027
台灣接取設備指標,3704
台灣接取設備指標,4905
台灣接取設備指標,8034
台灣接取設備指標,8059
台灣條鋼指標,1532
台灣條鋼指標,2002
台灣條鋼指標,2006
台灣條鋼指標,2008
台灣條鋼指標,2010
台灣條鋼指標,2013
台灣條鋼指標,2014
台灣條鋼指標,2015
台灣條鋼指標,2020
台灣條鋼指標,2024
台灣條鋼指標,2028
台灣條鋼指標,2038
台灣條鋼指標,2064
台灣條鋼指標,5016
台灣條鋼指標,6248
台灣條鋼指標,9958
台灣清潔用品指標,1730
台灣清潔用品指標,1731
台灣清潔用品指標,1732
台灣清潔用品指標,1737
台灣產業機械指標,1528
台灣產業機械指標,1580
台灣產業機械指標,3379
台灣產業機械指標,4562
台灣產業機械指標,8421
台灣被動元件指標,2327
台灣被動元件指標,2375
台灣被動元件指標,2428
台灣被動元件指標,2456
台灣被動元件指標,2472
台灣被動元件指標,2478
台灣被動元件指標,2484
台灣被動元件指標,3026
台灣被動元件指標,3042
台灣被動元件指標,3068
台灣被動元件指標,3089
台灣被動元件指標,3090
台灣被動元件指標,3207
台灣被動元件指標,3221
台灣被動元件指標,3236
台灣被動元件指標,3299
台灣被動元件指標,3313
台灣被動元件指標,3537
台灣被動元件指標,3624
台灣被動元件指標,5255
台灣被動元件指標,5317
台灣被動元件指標,5328
台灣被動元件指標,5345
台灣被動元件指標,6127
台灣被動元件指標,6155
台灣被動元件指標,6174
台灣被動元件指標,6175
台灣被動元件指標,6204
台灣被動元件指標,6207
台灣被動元件指標,6224
台灣被動元件指標,6284
台灣被動元件指標,6422
台灣被動元件指標,6432
台灣被動元件指標,6449
台灣被動元件指標,8042
台灣被動元件指標,8043
台灣被動元件指標,8080
台灣被動元件指標,8121
台灣被動元件指標,8182
台灣被動元件指標,8289
台灣設備儀器廠商指標,1595
台灣設備儀器廠商指標,2360
台灣設備儀器廠商指標,2423
台灣設備儀器廠商指標,2464
台灣設備儀器廠商指標,2467
台灣設備儀器廠商指標,2493
台灣設備儀器廠商指標,3030
台灣設備儀器廠商指標,3055
台灣設備儀器廠商指標,3093
台灣設備儀器廠商指標,3131
台灣設備儀器廠商指標,3413
台灣設備儀器廠商指標,3455
台灣設備儀器廠商指標,3490
台灣設備儀器廠商指標,3498
台灣設備儀器廠商指標,3535
台灣設備儀器廠商指標,3551
台灣設備儀器廠商指標,3563
台灣設備儀器廠商指標,3580
台灣設備儀器廠商指標,3581
台灣設備儀器廠商指標,3583
台灣設備儀器廠商指標,3680
台灣設備儀器廠商指標,4542
台灣設備儀器廠商指標,4549
台灣設備儀器廠商指標,5443
台灣設備儀器廠商指標,5493
台灣設備儀器廠商指標,6125
台灣設備儀器廠商指標,6187
台灣設備儀器廠商指標,6196
台灣設備儀器廠商指標,6207
台灣設備儀器廠商指標,6208
台灣設備儀器廠商指標,6215
台灣設備儀器廠商指標,6218
台灣設備儀器廠商指標,6223
台灣設備儀器廠商指標,6234
台灣設備儀器廠商指標,6438
台灣設備儀器廠商指標,6532
台灣設備儀器廠商指標,8027
台灣設備儀器廠商指標,8047
台灣設備儀器廠商指標,8064
台灣設備儀器廠商指標,8091
台灣設備儀器廠商指標,8092
台灣貨櫃航運指標,2208
台灣貨櫃航運指標,2603
台灣貨櫃航運指標,2609
台灣貨櫃航運指標,2613
台灣貨櫃航運指標,2614
台灣貨櫃航運指標,2615
台灣貨櫃航運指標,2636
台灣貨櫃航運指標,5601
台灣軟板指標,2402
台灣軟板指標,3144
台灣軟板指標,3276
台灣軟板指標,3321
台灣軟板指標,3354
台灣軟板指標,3390
台灣軟板指標,3645
台灣軟板指標,4939
台灣軟板指標,4958
台灣軟板指標,5321
台灣軟板指標,6153
台灣軟板指標,6269
台灣軟板指標,8039
台灣軟體指標,2427
台灣軟體指標,2453
台灣軟體指標,2468
台灣軟體指標,2471
台灣軟體指標,2480
台灣軟體指標,3021
台灣軟體指標,3029
台灣軟體指標,3570
台灣軟體指標,3664
台灣軟體指標,3701
台灣軟體指標,4188
台灣軟體指標,4953
台灣軟體指標,5201
台灣軟體指標,5202
台灣軟體指標,5203
台灣軟體指標,5209
台灣軟體指標,5210
台灣軟體指標,5212
台灣軟體指標,5310
台灣軟體指標,5403
台灣軟體指標,6112
台灣軟體指標,6123
台灣軟體指標,6140
台灣軟體指標,6148
台灣軟體指標,6163
台灣軟體指標,6183
台灣軟體指標,6214
台灣軟體指標,6218
台灣軟體指標,6221
台灣軟體指標,6231
台灣軟體指標,6240
台灣軟體指標,6404
台灣軟體指標,6462
台灣軟體指標,6486
台灣軟體指標,8099
台灣軟體指標,8409
台灣軟體指標,8416
台灣軟體指標,910861
台灣造紙指標,1902
台灣造紙指標,1903
台灣造紙指標,1904
台灣造紙指標,1905
台灣造紙指標,1906
台灣造紙指標,1907
台灣造紙指標,1909
台灣造紙指標,8480
台灣連接線材指標,2328
台灣連接線材指標,2392
台灣連接線材指標,2440
台灣連接線材指標,2462
台灣連接線材指標,3011
台灣連接線材指標,3023
台灣連接線材指標,3092
台灣連接線材指標,3202
台灣連接線材指標,3322
台灣連接線材指標,3492
台灣連接線材指標,3501
台灣連接線材指標,3520
台灣連接線材指標,3550
台灣連接線材指標,3646
台灣連接線材指標,3665
台灣連接線材指標,3684
台灣連接線材指標,5488
台灣連接線材指標,6115
台灣連接線材指標,6133
台灣連接線材指標,6134
台灣連接線材指標,6190
台灣連接線材指標,6220
台灣連接線材指標,6290
台灣連接器指標,1333
台灣連接器指標,2317
台灣連接器指標,2392
台灣連接器指標,2460
台灣連接器指標,3003
台灣連接器指標,3023
台灣連接器指標,3217
台灣連接器指標,3338
台灣連接器指標,3432
台灣連接器指標,3492
台灣連接器指標,3511
台灣連接器指標,3526
台灣連接器指標,3533
台灣連接器指標,3605
台灣連接器指標,3646
台灣連接器指標,3689
台灣連接器指標,4943
台灣連接器指標,5398
台灣連接器指標,5457
台灣連接器指標,5491
台灣連接器指標,6126
台灣連接器指標,6158
台灣連接器指標,6165
台灣連接器指標,6185
台灣連接器指標,6197
台灣連接器指標,6205
台灣連接器指標,6279
台灣連接器指標,6442
台灣連接器指標,8103
台灣連接器指標,8147
台灣陸運指標,2607
台灣陸運指標,2608
台灣陸運指標,2611
台灣陸運指標,2612
台灣陸運指標,2642
台灣陸運指標,5603
台灣陸運指標,5604
台灣散裝航運指標,2208
台灣散裝航運指標,2601
台灣散裝航運指標,2605
台灣散裝航運指標,2606
台灣散裝航運指標,2612
台灣散裝航運指標,2614
台灣散裝航運指標,2617
台灣散裝航運指標,2637
台灣散裝航運指標,2641
台灣散裝航運指標,5608
台灣散熱模組指標,2421
台灣散熱模組指標,3017
台灣散熱模組指標,3071
台灣散熱模組指標,3324
台灣散熱模組指標,3338
台灣散熱模組指標,3483
台灣散熱模組指標,3512
台灣散熱模組指標,3653
台灣散熱模組指標,6124
台灣散熱模組指標,6230
台灣散熱模組指標,6275
台灣散熱模組指標,6276
台灣棉紡指標,1414
台灣棉紡指標,1418
台灣棉紡指標,1440
台灣棉紡指標,1441
台灣棉紡指標,1443
台灣棉紡指標,1453
台灣棉紡指標,1456
台灣棉紡指標,1469
台灣無塵室工程指標,2404
台灣無塵室工程指標,3018
台灣無塵室工程指標,3402
台灣無塵室工程指標,5536
台灣無塵室工程指標,6139
台灣無塵室工程指標,8383
台灣無線充電指標,2301
台灣無線充電指標,2308
台灣無線充電指標,2431
台灣無線充電指標,2454
台灣無線充電指標,3015
台灣無線充電指標,3078
台灣無線充電指標,3260
台灣無線充電指標,3296
台灣無線充電指標,3540
台灣無線充電指標,4915
台灣無線充電指標,4919
台灣無線充電指標,4952
台灣無線充電指標,5471
台灣無線充電指標,6138
台灣無線充電指標,6155
台灣無線充電指標,6202
台灣無線充電指標,6243
台灣無線充電指標,6415
台灣無線網路指標,2332
台灣無線網路指標,2444
台灣無線網路指標,3047
台灣無線網路指標,3062
台灣無線網路指標,3380
台灣無線網路指標,3419
台灣無線網路指標,3558
台灣無線網路指標,3596
台灣無線網路指標,3694
台灣無線網路指標,4906
台灣無線網路指標,5388
台灣無線網路指標,6142
台灣無線網路指標,6172
台灣無線網路指標,6470
台灣無線網路指標,8176
台灣無線網路指標,912000
台灣筆記型電腦指標,2324
台灣筆記型電腦指標,2331
台灣筆記型電腦指標,2353
台灣筆記型電腦指標,2356
台灣筆記型電腦指標,2357
台灣筆記型電腦指標,2362
台灣筆記型電腦指標,2364
台灣筆記型電腦指標,2377
台灣筆記型電腦指標,2382
台灣筆記型電腦指標,2405
台灣筆記型電腦指標,3005
台灣筆記型電腦指標,3213
台灣筆記型電腦指標,3231
台灣筆記型電腦指標,4938
台灣視訊轉換相關指標,2417
台灣視訊轉換相關指標,2485
台灣視訊轉換相關指標,3287
台灣視訊轉換相關指標,3466
台灣視訊轉換相關指標,3541
台灣視訊轉換相關指標,5474
台灣視訊轉換相關指標,6152
台灣視訊轉換相關指標,6512
台灣視訊轉換相關指標,910482
台灣雲端指標,2314
台灣雲端指標,2317
台灣雲端指標,2324
台灣雲端指標,2353
台灣雲端指標,2354
台灣雲端指標,2356
台灣雲端指標,2357
台灣雲端指標,2376
台灣雲端指標,2377
台灣雲端指標,2382
台灣雲端指標,2395
台灣雲端指標,2412
台灣雲端指標,2453
台灣雲端指標,2466
台灣雲端指標,2480
台灣雲端指標,2495
台灣雲端指標,2496
台灣雲端指標,3022
台灣雲端指標,3025
台灣雲端指標,3029
台灣雲端指標,3045
台灣雲端指標,3057
台灣雲端指標,3163
台灣雲端指標,3171
台灣雲端指標,3231
台灣雲端指標,3234
台灣雲端指標,3363
台灣雲端指標,3564
台灣雲端指標,3664
台灣雲端指標,3682
台灣雲端指標,3704
台灣雲端指標,4903
台灣雲端指標,4904
台灣雲端指標,4906
台灣雲端指標,4908
台灣雲端指標,4953
台灣雲端指標,4977
台灣雲端指標,4979
台灣雲端指標,4984
台灣雲端指標,5209
台灣雲端指標,5353
台灣雲端指標,6105
台灣雲端指標,6183
台灣雲端指標,6214
台灣雲端指標,6221
台灣雲端指標,6245
台灣雲端指標,6277
台灣雲端指標,6426
台灣雲端指標,8011
台灣雲端指標,8034
台灣雲端指標,8048
台灣雲端指標,8099
台灣雲端指標,8234
台灣飯店指標,2514
台灣飯店指標,2702
台灣飯店指標,2704
台灣飯店指標,2705
台灣飯店指標,2706
台灣飯店指標,2707
台灣飯店指標,2712
台灣飯店指標,2718
台灣飯店指標,2722
台灣飯店指標,2736
台灣飯店指標,2739
台灣飯店指標,2748
台灣飯店指標,3252
台灣飯店指標,5364
台灣飯店指標,5701
台灣飯店指標,5703
台灣飯店指標,5704
台灣飯店指標,5905
台灣飯店指標,8077
台灣傳產外銷指標,1301
台灣傳產外銷指標,1303
台灣傳產外銷指標,1307
台灣傳產外銷指標,1308
台灣傳產外銷指標,1309
台灣傳產外銷指標,1315
台灣傳產外銷指標,1324
台灣傳產外銷指標,1339
台灣傳產外銷指標,1409
台灣傳產外銷指標,1418
台灣傳產外銷指標,1419
台灣傳產外銷指標,1423
台灣傳產外銷指標,1439
台灣傳產外銷指標,1440
台灣傳產外銷指標,1446
台灣傳產外銷指標,1447
台灣傳產外銷指標,1449
台灣傳產外銷指標,1451
台灣傳產外銷指標,1460
台灣傳產外銷指標,1464
台灣傳產外銷指標,1465
台灣傳產外銷指標,1466
台灣傳產外銷指標,1467
台灣傳產外銷指標,1468
台灣傳產外銷指標,1473
台灣傳產外銷指標,1476
台灣傳產外銷指標,1477
台灣傳產外銷指標,1506
台灣傳產外銷指標,1515
台灣傳產外銷指標,1516
台灣傳產外銷指標,1517
台灣傳產外銷指標,1519
台灣傳產外銷指標,1522
台灣傳產外銷指標,1526
台灣傳產外銷指標,1527
台灣傳產外銷指標,1530
台灣傳產外銷指標,1531
台灣傳產外銷指標,1533
台灣傳產外銷指標,1536
台灣傳產外銷指標,1537
台灣傳產外銷指標,1538
台灣傳產外銷指標,1539
台灣傳產外銷指標,1540
台灣傳產外銷指標,1541
台灣傳產外銷指標,1558
台灣傳產外銷指標,1565
台灣傳產外銷指標,1566
台灣傳產外銷指標,1570
台灣傳產外銷指標,1580
台灣傳產外銷指標,1583
台灣傳產外銷指標,1584
台灣傳產外銷指標,1586
台灣傳產外銷指標,1591
台灣傳產外銷指標,1597
台灣傳產外銷指標,1598
台灣傳產外銷指標,1599
台灣傳產外銷指標,1617
台灣傳產外銷指標,1704
台灣傳產外銷指標,1708
台灣傳產外銷指標,1709
台灣傳產外銷指標,1711
台灣傳產外銷指標,1712
台灣傳產外銷指標,1715
台灣傳產外銷指標,1717
台灣傳產外銷指標,1724
台灣傳產外銷指標,1733
台灣傳產外銷指標,1735
台灣傳產外銷指標,1736
台灣傳產外銷指標,1762
台灣傳產外銷指標,1781
台灣傳產外銷指標,1789
台灣傳產外銷指標,1795
台灣傳產外銷指標,1799
台灣傳產外銷指標,1809
台灣傳產外銷指標,1813
台灣傳產外銷指標,1903
台灣傳產外銷指標,2012
台灣傳產外銷指標,2023
台灣傳產外銷指標,2027
台灣傳產外銷指標,2029
台灣傳產外銷指標,2030
台灣傳產外銷指標,2034
台灣傳產外銷指標,2035
台灣傳產外銷指標,2049
台灣傳產外銷指標,2061
台灣傳產外銷指標,2062
台灣傳產外銷指標,2063
台灣傳產外銷指標,2066
台灣傳產外銷指標,2101
台灣傳產外銷指標,2102
台灣傳產外銷指標,2103
台灣傳產外銷指標,2105
台灣傳產外銷指標,2106
台灣傳產外銷指標,2107
台灣傳產外銷指標,2108
台灣傳產外銷指標,2109
台灣傳產外銷指標,2114
台灣傳產外銷指標,2115
台灣傳產外銷指標,2221
台灣傳產外銷指標,2228
台灣傳產外銷指標,2230
台灣傳產外銷指標,2231
台灣傳產外銷指標,2233
台灣傳產外銷指標,2732
台灣傳產外銷指標,2906
台灣傳產外銷指標,2908
台灣傳產外銷指標,2924
台灣傳產外銷指標,3004
台灣傳產外銷指標,3162
台灣傳產外銷指標,3176
台灣傳產外銷指標,3284
台灣傳產外銷指標,3379
台灣傳產外銷指標,4102
台灣傳產外銷指標,4103
台灣傳產外銷指標,4106
台灣傳產外銷指標,4107
台灣傳產外銷指標,4119
台灣傳產外銷指標,4121
台灣傳產外銷指標,4126
台灣傳產外銷指標,4129
台灣傳產外銷指標,4133
台灣傳產外銷指標,4141
台灣傳產外銷指標,4153
台灣傳產外銷指標,4163
台灣傳產外銷指標,4168
台灣傳產外銷指標,4180
台灣傳產外銷指標,4402
台灣傳產外銷指標,4414
台灣傳產外銷指標,4417
台灣傳產外銷指標,4419
台灣傳產外銷指標,4430
台灣傳產外銷指標,4432
台灣傳產外銷指標,4438
台灣傳產外銷指標,4502
台灣傳產外銷指標,4503
台灣傳產外銷指標,4510
台灣傳產外銷指標,4513
台灣傳產外銷指標,4523
台灣傳產外銷指標,4526
台灣傳產外銷指標,4530
台灣傳產外銷指標,4532
台灣傳產外銷指標,4533
台灣傳產外銷指標,4534
台灣傳產外銷指標,4535
台灣傳產外銷指標,4536
台灣傳產外銷指標,4609
台灣傳產外銷指標,4702
台灣傳產外銷指標,4720
台灣傳產外銷指標,4721
台灣傳產外銷指標,4722
台灣傳產外銷指標,4725
台灣傳產外銷指標,4735
台灣傳產外銷指標,4736
台灣傳產外銷指標,4737
台灣傳產外銷指標,4739
台灣傳產外銷指標,4746
台灣傳產外銷指標,4930
台灣傳產外銷指標,5007
台灣傳產外銷指標,5009
台灣傳產外銷指標,5011
台灣傳產外銷指標,5014
台灣傳產外銷指標,5015
台灣傳產外銷指標,5306
台灣傳產外銷指標,5515
台灣傳產外銷指標,6504
台灣傳產外銷指標,6508
台灣傳產外銷指標,6509
台灣傳產外銷指標,6603
台灣傳產外銷指標,6605
台灣傳產外銷指標,6609
台灣傳產外銷指標,8033
台灣傳產外銷指標,8066
台灣傳產外銷指標,8083
台灣傳產外銷指標,8255
台灣傳產外銷指標,8349
台灣傳產外銷指標,8421
台灣傳產外銷指標,8426
台灣傳產外銷指標,8433
台灣傳產外銷指標,8436
台灣傳產外銷指標,8442
台灣傳產外銷指標,8446
台灣傳產外銷指標,8916
台灣傳產外銷指標,8924
台灣傳產外銷指標,8928
台灣傳產外銷指標,8929
台灣傳產外銷指標,8932
台灣傳產外銷指標,8933
台灣傳產外銷指標,8934
台灣傳產外銷指標,8935
台灣傳產外銷指標,8937
台灣傳產外銷指標,8938
台灣傳產外銷指標,8941
台灣傳產外銷指標,8942
台灣傳產外銷指標,8996
台灣傳產外銷指標,9110
台灣傳產外銷指標,9904
台灣傳產外銷指標,9907
台灣傳產外銷指標,9910
台灣傳產外銷指標,9914
台灣傳產外銷指標,9919
台灣傳產外銷指標,9921
台灣傳產外銷指標,9924
台灣傳產外銷指標,9934
台灣傳產外銷指標,9935
台灣傳產外銷指標,9942
台灣傳產外銷指標,9950
台灣傳產外銷指標,9951
台灣傳播出版印刷指標,3284
台灣傳播出版印刷指標,6184
台灣傳播出版印刷指標,6240
台灣傳播出版印刷指標,6464
台灣傳播出版印刷指標,8401
台灣傳播出版印刷指標,8421
台灣傳播出版印刷指標,8481
台灣傳播出版印刷指標,8906
台灣傳播出版印刷指標,8921
台灣傳播出版印刷指標,8923
台灣傳播出版印刷指標,9928
台灣傳播出版印刷指標,9929
台灣塑膠原料指標,1301
台灣塑膠原料指標,1303
台灣塑膠原料指標,1304
台灣塑膠原料指標,1305
台灣塑膠原料指標,1308
台灣塑膠原料指標,1309
台灣塑膠原料指標,1310
台灣塑膠原料指標,1312
台灣塑膠原料指標,1313
台灣塑膠原料指標,1321
台灣塑膠原料指標,1326
台灣塑膠原料指標,1704
台灣塑膠原料指標,1723
台灣塑膠原料指標,6505
台灣塑膠製品指標,1262
台灣塑膠製品指標,1303
台灣塑膠製品指標,1307
台灣塑膠製品指標,1315
台灣塑膠製品指標,1323
台灣塑膠製品指標,1337
台灣塑膠製品指標,3171
台灣塑膠製品指標,4303
台灣塑膠製品指標,4304
台灣塑膠製品指標,4305
台灣塑膠製品指標,4306
台灣塑膠製品指標,6508
台灣資產股指標,1201
台灣資產股指標,1203
台灣資產股指標,1234
台灣資產股指標,1314
台灣資產股指標,1315
台灣資產股指標,1321
台灣資產股指標,1402
台灣資產股指標,1409
台灣資產股指標,1416
台灣資產股指標,1419
台灣資產股指標,1437
台灣資產股指標,1440
台灣資產股指標,1441
台灣資產股指標,1503
台灣資產股指標,1504
台灣資產股指標,1532
台灣資產股指標,1614
台灣資產股指標,1702
台灣資產股指標,1712
台灣資產股指標,1713
台灣資產股指標,1722
台灣資產股指標,1902
台灣資產股指標,1903
台灣資產股指標,2008
台灣資產股指標,2035
台灣資產股指標,2101
台灣資產股指標,2102
台灣資產股指標,2107
台灣資產股指標,2201
台灣資產股指標,2206
台灣資產股指標,2371
台灣資產股指標,2705
台灣資產股指標,2901
台灣資產股指標,2913
台灣資產股指標,9902
台灣農藥指標,1712
台灣農藥指標,4141
台灣農藥指標,6508
台灣遊戲相關指標,2354
台灣遊戲相關指標,3064
台灣遊戲相關指標,3083
台灣遊戲相關指標,3086
台灣遊戲相關指標,3293
台灣遊戲相關指標,3546
台灣遊戲相關指標,3687
台灣遊戲相關指標,4916
台灣遊戲相關指標,4946
台灣遊戲相關指標,4994
台灣遊戲相關指標,5263
台灣遊戲相關指標,5478
台灣遊戲相關指標,6111
台灣遊戲相關指標,6169
台灣遊戲相關指標,6180
台灣遊戲相關指標,6482
台灣遊戲相關指標,6542
台灣電子化工材料指標,1717
台灣電子化工材料指標,1785
台灣電子化工材料指標,3303
台灣電子化工材料指標,3663
台灣電子化工材料指標,4755
台灣電子化工材料指標,5234
台灣電子代工指標,2312
台灣電子代工指標,2314
台灣電子代工指標,2317
台灣電子代工指標,2321
台灣電子代工指標,2324
台灣電子代工指標,2331
台灣電子代工指標,2345
台灣電子代工指標,2352
台灣電子代工指標,2354
台灣電子代工指標,2371
台灣電子代工指標,2374
台灣電子代工指標,2382
台灣電子代工指標,2419
台灣電子代工指標,2485
台灣電子代工指標,2489
台灣電子代工指標,3047
台灣電子代工指標,3059
台灣電子代工指標,3062
台灣電子代工指標,3231
台灣電子代工指標,3380
台灣電子代工指標,3596
台灣電子代工指標,3704
台灣電子代工指標,4906
台灣電子代工指標,4938
台灣電子代工指標,4995
台灣電子代工指標,5348
台灣電子代工指標,5353
台灣電子代工指標,5388
台灣電子代工指標,6142
台灣電子代工指標,6172
台灣電子代工指標,6191
台灣電子代工指標,6222
台灣電子代工指標,6241
台灣電子代工指標,6266
台灣電子代工指標,6278
台灣電子代工指標,6285
台灣電子代工指標,8059
台灣電子代工指標,8101
台灣電子代工指標,8183
台灣電子代工指標,9105
台灣電子代工指標,912000
台灣電子代工指標,9912
台灣電子商務指標,2614
台灣電子商務指標,2734
台灣電子商務指標,2928
台灣電子商務指標,4965
台灣電子商務指標,5287
台灣電子商務指標,6136
台灣電子商務指標,6183
台灣電子商務指標,8044
台灣電子商務指標,8454
台灣電子商務指標,9960
台灣電子驗證相關指標,3289
台灣電子驗證相關指標,3587
台灣電子驗證相關指標,6146
台灣電池相關指標,4721
台灣電池相關指標,4739
台灣電池相關指標,5227
台灣電池相關指標,8038
台灣電池相關指標,3211
台灣電池相關指標,3323
台灣電池相關指標,3625
台灣電池相關指標,6121
台灣電池相關指標,8038
台灣電池相關指標,8171
台灣電池相關指標,3323
台灣電信股指標,2412
台灣電信股指標,3045
台灣電信股指標,3682
台灣電信股指標,4904
台灣電信設備指標,2314
台灣電信設備指標,2321
台灣電信設備指標,2419
台灣電信設備指標,2485
台灣電信設備指標,3025
台灣電信設備指標,6285
台灣電信設備指標,8034
台灣電源相關指標,1471
台灣電源相關指標,2301
台灣電源相關指標,2308
台灣電源相關指標,2413
台灣電源相關指標,2420
台灣電源相關指標,2431
台灣電源相關指標,2457
台灣電源相關指標,3002
台灣電源相關指標,3015
台灣電源相關指標,3032
台灣電源相關指標,3043
台灣電源相關指標,3058
台灣電源相關指標,3078
台灣電源相關指標,3296
台灣電源相關指標,3308
台灣電源相關指標,3332
台灣電源相關指標,3465
台灣電源相關指標,3484
台灣電源相關指標,3501
台灣電源相關指標,3540
台灣電源相關指標,3609
台灣電源相關指標,3617
台灣電源相關指標,3628
台灣電源相關指標,6203
台灣電源相關指標,6282
台灣電源相關指標,6409
台灣電源相關指標,6412
台灣電源相關指標,8093
台灣電源相關指標,8097
台灣電源相關指標,8109
台灣電源相關指標,8287
台灣電腦板指標,2331
台灣電腦板指標,2357
台灣電腦板指標,2376
台灣電腦板指標,2377
台灣電腦板指標,2399
台灣電腦板指標,2425
台灣電腦板指標,2465
台灣電腦板指標,3515
台灣電腦板指標,5386
台灣電腦板指標,6150
台灣電腦板指標,6161
台灣電線電纜指標,1603
台灣電線電纜指標,1605
台灣電線電纜指標,1608
台灣電線電纜指標,1609
台灣電線電纜指標,1612
台灣電線電纜指標,1615
台灣電線電纜指標,1616
台灣電線電纜指標,1617
台灣電線電纜指標,1618
台灣電線電纜指標,2061
台灣電線電纜指標,2371
台灣電線電纜指標,2440
台灣電線電纜指標,911608
台灣磁碟陣列指標,2495
台灣磁碟陣列指標,3057
台灣綜合食品指標,1201
台灣綜合食品指標,1203
台灣綜合食品指標,1213
台灣綜合食品指標,1216
台灣綜合食品指標,1217
台灣綜合食品指標,1218
台灣綜合食品指標,1220
台灣綜合食品指標,1227
台灣綜合食品指標,1231
台灣綜合食品指標,1233
台灣綜合食品指標,1234
台灣綜合食品指標,1236
台灣綜合食品指標,1256
台灣綜合食品指標,1264
台灣綜合食品指標,1737
台灣綜合食品指標,4120
台灣綜合食品指標,4205
台灣綜合食品指標,4207
台灣綜合食品指標,4712
台灣綜合食品指標,910322
台灣綜合食品指標,911616
台灣網路通訊指標,2314
台灣網路通訊指標,2321
台灣網路通訊指標,2332
台灣網路通訊指標,2345
台灣網路通訊指標,2419
台灣網路通訊指標,2444
台灣網路通訊指標,2485
台灣網路通訊指標,3025
台灣網路通訊指標,3027
台灣網路通訊指標,3047
台灣網路通訊指標,3062
台灣網路通訊指標,3152
台灣網路通訊指標,3306
台灣網路通訊指標,3380
台灣網路通訊指標,3419
台灣網路通訊指標,3431
台灣網路通訊指標,3491
台灣網路通訊指標,3499
台灣網路通訊指標,3558
台灣網路通訊指標,3596
台灣網路通訊指標,3632
台灣網路通訊指標,3684
台灣網路通訊指標,3694
台灣網路通訊指標,3704
台灣網路通訊指標,4905
台灣網路通訊指標,4906
台灣網路通訊指標,5348
台灣網路通訊指標,5353
台灣網路通訊指標,5388
台灣網路通訊指標,6142
台灣網路通訊指標,6152
台灣網路通訊指標,6172
台灣網路通訊指標,6216
台灣網路通訊指標,6241
台灣網路通訊指標,6263
台灣網路通訊指標,6285
台灣網路通訊指標,6417
台灣網路通訊指標,6470
台灣網路通訊指標,6514
台灣網路通訊指標,8034
台灣網路通訊指標,8059
台灣網路通訊指標,8176
台灣網路通訊指標,910482
台灣聚酯纖維指標,1303
台灣聚酯纖維指標,1402
台灣聚酯纖維指標,1409
台灣聚酯纖維指標,1440
台灣聚酯纖維指標,1444
台灣聚酯纖維指標,1710
台灣聚酯纖維指標,1718
台灣製罐(瓶)指標,8411
台灣製罐(瓶)指標,8488
台灣製罐(瓶)指標,9905
台灣製罐(瓶)指標,9907
台灣製罐(瓶)指標,9939
台灣銀行指標,2801
台灣銀行指標,2809
台灣銀行指標,2812
台灣銀行指標,2834
台灣銀行指標,2836
台灣銀行指標,2838
台灣銀行指標,2845
台灣銀行指標,2849
台灣銀行指標,2897
台灣影像感測元件指標,4974
台灣影像感測元件指標,5305
台灣影像感測元件指標,8249
台灣數位相機指標,2374
台灣數位相機指標,3008
台灣數位相機指標,3019
台灣數位相機指標,3059
台灣數位相機指標,3362
台灣數位相機指標,3406
台灣數位相機指標,3428
台灣數位相機指標,3441
台灣數位相機指標,3630
台灣數位相機指標,4976
台灣數位相機指標,5392
台灣數位相機指標,6209
台灣樞紐指標,1582
台灣樞紐指標,3376
台灣樞紐指標,3548
台灣樞紐指標,4999
台灣模具沖壓指標,1336
台灣模具沖壓指標,1569
台灣模具沖壓指標,1586
台灣模具沖壓指標,2059
台灣模具沖壓指標,2476
台灣模具沖壓指標,2483
台灣模具沖壓指標,3095
台灣模具沖壓指標,3230
台灣模具沖壓指標,3290
台灣模具沖壓指標,3294
台灣模具沖壓指標,3310
台灣模具沖壓指標,3593
台灣模具沖壓指標,3607
台灣模具沖壓指標,3679
台灣模具沖壓指標,4545
台灣模具沖壓指標,4912
台灣模具沖壓指標,4942
台灣模具沖壓指標,5243
台灣模具沖壓指標,5284
台灣模具沖壓指標,5356
台灣模具沖壓指標,5383
台灣模具沖壓指標,5460
台灣模具沖壓指標,9188
台灣線材/盤元指標,1591
台灣線材/盤元指標,2007
台灣線材/盤元指標,2012
台灣線材/盤元指標,2017
台灣線材/盤元指標,2022
台灣線材/盤元指標,2024
台灣線材/盤元指標,2033
台灣線材/盤元指標,2063
台灣線材/盤元指標,2064
台灣線材/盤元指標,2065
台灣線材/盤元指標,2066
台灣線材/盤元指標,3004
台灣線材/盤元指標,5007
台灣線材/盤元指標,5011
台灣線材/盤元指標,5013
台灣線材/盤元指標,5016
台灣線材/盤元指標,8349
台灣線材/盤元指標,8415
台灣線材/盤元指標,911622
台灣膠帶/貼紙指標,1324
台灣膠帶/貼紙指標,1715
台灣膠帶/貼紙指標,4306
台灣膠帶/貼紙指標,6509
台灣膠帶/貼紙指標,8354
台灣鋁/鎂合金指標,2354
台灣鋁/鎂合金指標,2474
台灣鋁/鎂合金指標,6235
台灣機車相關指標,1599
台灣機車相關指標,2206
台灣機車相關指標,5276
台灣機車相關指標,5288
台灣機車相關指標,9110
台灣機械零組件指標,1566
台灣機械零組件指標,1589
台灣機械零組件指標,1590
台灣機械零組件指標,1597
台灣機械零組件指標,2049
台灣機械零組件指標,2067
台灣機械零組件指標,2233
台灣機械零組件指標,4534
台灣機械零組件指標,4551
台灣機械零組件指標,4555
台灣機械零組件指標,4560
台灣機械零組件指標,8083
台灣機械零組件指標,911619
台灣機殼指標,2354
台灣機殼指標,2474
台灣機殼指標,3013
台灣機殼指標,3032
台灣機殼指標,3095
台灣機殼指標,3325
台灣機殼指標,3508
台灣機殼指標,3518
台灣機殼指標,3540
台灣機殼指標,3693
台灣機殼指標,4729
台灣機殼指標,5264
台灣機殼指標,5392
台灣機殼指標,5426
台灣機殼指標,5465
台灣機殼指標,6117
台灣機殼指標,6235
台灣機殼指標,8210
台灣機殼指標,8410
台灣機殼指標,9136
台灣機器人指標,1503
台灣機器人指標,1504
台灣機器人指標,2049
台灣機器人指標,2317
台灣機器人指標,2324
台灣機器人指標,2357
台灣機器人指標,2395
台灣機器人指標,2464
台灣機器人指標,3498
台灣機器人指標,4523
台灣機器人指標,4938
台灣機器人指標,5443
台灣機器人指標,6125
台灣機器人指標,6166
台灣機器人指標,8234
台灣機器人指標,9925
台灣橡膠原料指標,1704
台灣橡膠原料指標,2103
台灣橡膠原料指標,2104
台灣橡膠原料指標,2108
台灣橡膠原料指標,6582
台灣橡膠原料指標,8423
台灣橡膠輪胎指標,2101
台灣橡膠輪胎指標,2102
台灣橡膠輪胎指標,2105
台灣橡膠輪胎指標,2106
台灣橡膠輪胎指標,2107
台灣橡膠輪胎指標,2109
台灣橡膠輪胎指標,2114
台灣橡膠輪胎指標,5102
台灣橡膠輪胎指標,9942
台灣餐飲指標,1233
台灣餐飲指標,1259
台灣餐飲指標,1702
台灣餐飲指標,2723
台灣餐飲指標,2726
台灣餐飲指標,2727
台灣餐飲指標,2729
台灣餐飲指標,2732
台灣餐飲指標,2740
台灣餐飲指標,2905
台灣餐飲指標,8940
台灣營建指標,1416
台灣營建指標,1436
台灣營建指標,1438
台灣營建指標,1442
台灣營建指標,1453
台灣營建指標,1456
台灣營建指標,1805
台灣營建指標,1808
台灣營建指標,2107
台灣營建指標,2501
台灣營建指標,2505
台灣營建指標,2506
台灣營建指標,2509
台灣營建指標,2511
台灣營建指標,2520
台灣營建指標,2524
台灣營建指標,2527
台灣營建指標,2528
台灣營建指標,2530
台灣營建指標,2534
台灣營建指標,2536
台灣營建指標,2537
台灣營建指標,2538
台灣營建指標,2539
台灣營建指標,2542
台灣營建指標,2545
台灣營建指標,2547
台灣營建指標,2548
台灣營建指標,2596
台灣營建指標,2841
台灣營建指標,2923
台灣營建指標,3052
台灣營建指標,3056
台灣營建指標,3188
台灣營建指標,3252
台灣營建指標,3266
台灣營建指標,3489
台灣營建指標,4113
台灣營建指標,4416
台灣營建指標,4907
台灣營建指標,5206
台灣營建指標,5213
台灣營建指標,5310
台灣營建指標,5324
台灣營建指標,5508
台灣營建指標,5512
台灣營建指標,5514
台灣營建指標,5519
台灣營建指標,5522
台灣營建指標,5523
台灣營建指標,5525
台灣營建指標,5529
台灣營建指標,5531
台灣營建指標,5533
台灣營建指標,5534
台灣營建指標,6171
台灣營建指標,6177
台灣營建指標,6186
台灣營建指標,6212
台灣營建指標,6219
台灣營建指標,6264
台灣營建指標,8426
台灣營建指標,8905
台灣營建指標,9906
台灣營建指標,9945
台灣營建指標,9946
台灣營造指標,1535
台灣營造指標,2515
台灣營造指標,2516
台灣營造指標,2535
台灣營造指標,2543
台灣營造指標,2546
台灣營造指標,2597
台灣營造指標,3703
台灣營造指標,5511
台灣營造指標,5515
台灣營造指標,5516
台灣營造指標,5519
台灣營造指標,5521
台灣營造指標,6122
台灣營造指標,9933
台灣環保水利指標,1516
台灣環保水利指標,4556
台灣環保水利指標,6803
台灣環保水利指標,8341
台灣環保水利指標,8390
台灣環保水利指標,8422
台灣環保水利指標,9955
台灣藍寶石相關指標,3579
台灣藍寶石相關指標,4944
台灣藍寶石相關指標,5256
台灣藍寶石相關指標,6182
台灣藍寶石相關指標,6489
台灣醫療服務指標,1784
台灣醫療服務指標,3118
台灣醫療服務指標,3218
台灣醫療服務指標,4139
台灣醫療服務指標,4160
台灣醫療服務指標,6554
台灣醫療服務指標,8403
台灣醫療服務指標,910708
台灣醫療服務指標,910801
台灣醫療產業指標,1565
台灣醫療產業指標,1733
台灣醫療產業指標,1781
台灣醫療產業指標,1783
台灣醫療產業指標,1786
台灣醫療產業指標,1799
台灣醫療產業指標,3373
台灣醫療產業指標,4103
台灣醫療產業指標,4104
台灣醫療產業指標,4106
台灣醫療產業指標,4107
台灣醫療產業指標,4111
台灣醫療產業指標,4116
台灣醫療產業指標,4121
台灣醫療產業指標,4126
台灣醫療產業指標,4129
台灣醫療產業指標,4161
台灣醫療產業指標,4163
台灣醫療產業指標,4183
台灣醫療產業指標,4188
台灣醫療產業指標,4198
台灣醫療產業指標,4728
台灣醫療產業指標,4735
台灣醫療產業指標,4736
台灣醫療產業指標,4737
台灣醫療產業指標,5398
台灣醫療產業指標,6499
台灣醫療產業指標,8406
台灣醫療產業指標,8409
台灣醫療產業指標,9103
台灣醫療器材通路指標,1788
台灣醫療器材通路指標,4104
台灣醫療器材通路指標,4138
台灣醫療器材通路指標,4164
台灣醫療器材通路指標,4175
台灣醫療器材通路指標,4745
台灣藥品通路指標,1731
台灣藥品通路指標,4104
台灣藥品通路指標,4114
台灣藥品通路指標,4120
台灣藥品通路指標,4144
台灣藥品通路指標,4173
台灣藥品通路指標,4175
台灣藥品通路指標,6130
台灣藥品通路指標,6469
台灣藥品通路指標,6496
台灣藥品通路指標,8403
台灣證?指標,2855
台灣證?指標,2856
台灣證?指標,6005
台灣證?指標,6015
台灣證?指標,6016
台灣證?指標,6020
台灣證?指標,6021
台灣證?指標,6023
台灣證?指標,6024
台灣證?指標,6026
台灣類比IC指標,3257
台灣類比IC指標,3288
台灣類比IC指標,3438
台灣類比IC指標,3588
台灣類比IC指標,4947
台灣類比IC指標,6138
台灣類比IC指標,6415
台灣類比IC指標,8081
台灣類比IC指標,8261
台灣觸控面板指標,3049
台灣觸控面板指標,3149
台灣觸控面板指標,3615
台灣觸控面板指標,3622
台灣觸控面板指標,3623
台灣觸控面板指標,3629
台灣觸控面板指標,3673
台灣觸控面板指標,6283
台灣觸控面板指標,6456
台灣變壓器指標,2413
台灣變壓器指標,2431
台灣變壓器指標,3058
台灣變壓器指標,3191
台灣變壓器指標,3207
台灣變壓器指標,6109
台灣變壓器指標,6292
台灣顯示器指標,2352
台灣顯示器指標,2442
台灣顯示器指標,2489
台灣顯示器指標,3046
台灣顯示器指標,4153
台灣顯示器指標,4995
台灣顯示器指標,6222
台灣顯示器指標,9912
台灣觀光百貨指標,1259
台灣觀光百貨指標,1432
台灣觀光百貨指標,1532
台灣觀光百貨指標,2601
台灣觀光百貨指標,2611
台灣觀光百貨指標,2701
台灣觀光百貨指標,2702
台灣觀光百貨指標,2704
台灣觀光百貨指標,2705
台灣觀光百貨指標,2707
台灣觀光百貨指標,2718
台灣觀光百貨指標,2719
台灣觀光百貨指標,2722
台灣觀光百貨指標,2727
台灣觀光百貨指標,2731
台灣觀光百貨指標,2734
台灣觀光百貨指標,2901
台灣觀光百貨指標,2903
台灣觀光百貨指標,2905
台灣觀光百貨指標,2906
台灣觀光百貨指標,2908
台灣觀光百貨指標,2910
台灣觀光百貨指標,2912
台灣觀光百貨指標,2913
台灣觀光百貨指標,2915
台灣觀光百貨指標,2926
台灣觀光百貨指標,2928
台灣觀光百貨指標,4807
台灣觀光百貨指標,5301
台灣觀光百貨指標,5701
台灣觀光百貨指標,5703
台灣觀光百貨指標,5704
台灣觀光百貨指標,5706
台灣觀光百貨指標,5902
台灣觀光百貨指標,5903
台灣觀光百貨指標,5904
台灣觀光百貨指標,5905
台灣觀光百貨指標,5907
台灣觀光百貨指標,8433
台灣觀光百貨指標,8454
台灣觀光百貨指標,8940
台灣觀光百貨指標,9902
台灣觀光百貨指標,9943